Fire_ID,Ig_Day,Order,Reburn_Polygon_ID,Year,erc_max_max,erc_max_mean,erc_mean_max,erc_mean_mean,vpd_max_max,vpd_max_mean,vpd_mean_max,vpd_mean_mean,FRG_max4
CA4192312065019840813,226,First,CA4192312065019840813_OR4211012080120120806_1,1984,69.39059448,65.64179395,64.49785614,61.04478261,2.235352278,2.192453907,1.505166411,1.473712937,Mixed
ID4537211447019850720,201,First,ID4537211447019850720_ID4542411459020120730_1,1985,84.08462524,78.90114751,70.84692383,64.80467194,3.143842936,2.429626976,2.266857147,1.723368555,Low
MT4755711337219850629,180,First,MT4755711337219850629_MT4760011331820030718_1,1985,70.88787079,68.60157471,57.59482193,52.96662378,2.435073137,2.10132831,1.591692209,1.343014806,High
ID4543311548219850715,196,First,ID4543311548219850715_ID4554811559420070713_1,1985,78.30241394,75.31602443,69.45450592,66.29781943,3.096581936,2.651663186,2.430258036,2.067300365,Low
ID4512611554919850708,189,First,ID4512611554919850708_ID4521611552119940811_1,1985,79.54879761,74.73952647,71.61945343,66.17347614,2.731436729,2.209555752,2.03600502,1.628366323,Mixed
ID4540311601419850717,198,First,ID4540311601419850717_ID4520811624820150812_1,1985,84.17845917,83.67039879,71.31510925,70.48697425,3.130947351,2.879281308,2.416499138,2.213777269,Low
ID4540311601419850717,198,First,ID4540311601419850717_ID4520811624820150812_2,1985,83.54641724,82.62308899,70.45200348,69.45660227,3.027580261,2.817757729,2.323971987,2.157558796,Low
CA4080812321419850726,207,First,CA4080812321419850726_CA4095112320220060902_1,1985,89.11795044,86.73149256,79.31983948,75.21855207,3.826542377,3.43955046,2.413598776,2.140573059,Low
ID4543811494219860812,224,First,ID4543811494219860812_ID4543911498720050801_1,1986,70.69971466,69.29713945,59.46878815,58.11403576,2.706762075,2.528887071,1.930762649,1.819267915,Low
ID4543811494219860812,224,First,ID4543811494219860812_ID4537411488820070616_1,1986,71.78599548,70.9376673,60.08788681,59.59929991,2.621206999,2.582734809,1.89298141,1.85494002,Low
OR4558711675719860812,224,First,OR4558711675719860812_OR4561911679520010814_1,1986,85.28790283,83.9181187,75.99594116,74.73590032,3.135590076,3.00913866,2.266299248,2.165537426,Low
OR4454311774919860802,214,First,OR4454311774919860802_OR4458511775220150810_1,1986,82.49209595,80.17919962,73.23518372,71.06580997,2.799257278,2.691498082,1.991323948,1.911498437,Low
ID4529711522619860811,223,First,ID4529711522619860811_ID4524911525120050807_1,1986,69.43561554,65.351731,58.95168686,55.23682159,1.797176719,1.647628287,1.25026226,1.141667575,Mixed
ID4529711522619860811,223,First,ID4529711522619860811_ID4549011522720170729_1,1986,69.43561554,67.11773777,58.95168686,56.88792595,1.848903894,1.771690922,1.283661842,1.236192418,High
ID4535711661519860811,223,First,ID4535711661519860811_ID4539911656820050806_1,1986,87.24742889,84.40431741,79.47059631,75.96620048,3.350066423,2.837001951,2.437044859,2.037191587,Low
ID4536811556319870912,255,First,ID4536811556319870912_ID4510511570820070706_1,1987,71.40939331,69.75588262,59.41184998,57.88119589,2.659340858,2.276922829,1.685180187,1.458447067,Mixed
ID4448411541019870804,216,First,ID4448411541019870804_ID4451811531020060807_1,1987,68.282341,67.37189809,54.5656662,52.58444689,2.070766449,1.803134376,1.286268592,1.106083278,High
ID4448411541019870804,216,First,ID4448411541019870804_ID4475011554820070717_1,1987,68.33005524,67.26529143,53.30835724,52.45144664,1.816551685,1.787705631,1.08219099,1.057002011,High
CA4189812322019870830,242,First,CA4189812322019870830_CA4188812325320120805_1,1987,81.38871765,78.99186261,75.10041046,72.24862422,4.024660587,3.589196518,2.180299044,1.933611129,Low
OR4259412369419870830,242,First,OR4259412369419870830_OR4261412376020130726_1,1987,78.05204773,77.47487315,71.02470398,70.22770875,3.887989044,3.412743103,2.031532526,1.815020246,Low
OR4288312327419870830,242,First,OR4288312327419870830_OR4292012329520190725_1,1987,73.02319336,71.77136982,65.4071579,62.31121778,3.541602135,3.468349491,1.903740644,1.84501083,Low
CA4175612352619870830,242,First,CA4175612352619870830_CA4178612347520170812_1,1987,82.82528687,80.45665422,76.13040924,73.1720334,4.09070158,3.825005418,2.219847679,2.04539331,Low
CA4141212331619870830,242,First,CA4141212331619870830_CA4142612330620060724_1,1987,81.10583496,79.2896705,74.72055054,72.59390464,4.109347343,3.66621147,2.203108788,1.986414469,Low
CA4141212331619870830,242,First,CA4141212331619870830_CA4134912330820080620_1,1987,80.48212433,78.17654264,73.91889954,71.17775237,4.109347343,3.446505315,2.217805862,1.83676998,Low
CA4141212331619870830,242,First,CA4141212331619870830_CA4130012313520130731_1,1987,79.39659882,76.51216062,73.10510254,69.27100961,3.852904081,3.343336299,2.063258886,1.793199645,Low
CA4119312328919870830,242,First,CA4119312328919870830_CA4119412345820200727_1,1987,78.74562836,77.0754133,71.90441132,69.60069715,3.996606588,3.658763587,2.128731012,1.927206064,Low
CA4189812322019870830,242,First,CA4189812322019870830_CA4198012316420170811_1,1987,81.38871765,77.5319446,74.60021973,70.87198291,3.972283363,3.327632213,2.180299044,1.811278535,Low
CA4165612314419870830,242,First,CA4165612314419870830_CA4179612337420140814_1,1987,82.40948486,81.91698824,76.48849487,75.7590035,3.712734222,3.468051619,2.058774948,1.917847276,Low
CA4175812328419870830,242,First,CA4175812328419870830_CA4179612337420140814_1,1987,82.48446655,80.3193845,75.87599945,73.23086303,4.19293499,3.894518549,2.213282585,2.092965982,Low
CA4193012339419870830,242,First,CA4193012339419870830_CA4185812335420200908_1,1987,82.38562775,80.69674963,76.58700562,74.21478735,3.910825968,3.610388746,2.122902632,1.938530208,Low
CA4183412334819870830,242,First,CA4183412334819870830_CA4185812335420200908_1,1987,82.91049194,78.27862502,76.8890686,71.00366536,4.181798935,4.096608482,2.22110939,2.197274211,Low
CA4163812338919870830,242,First,CA4163812338919870830_CA4160912335520060723_1,1987,82.27315521,79.17851309,75.95048523,72.43093421,3.916734934,3.223916631,2.095166206,1.750972702,Low
CA4163812338919870830,242,First,CA4163812338919870830_CA4168112341420070710_1,1987,82.30212402,79.27973841,76.03091431,72.26888664,4.244783401,4.096379659,2.265404463,2.189329113,Low
CA4163812338919870830,242,First,CA4163812338919870830_CA4154112338120080722_1,1987,83.97386169,80.67930881,77.52454376,73.69870546,4.244783401,3.703542828,2.265404463,2.007108347,Low
CA4163812338919870830,242,First,CA4163812338919870830_CA4154112338120080722_2,1987,81.83519745,81.1549668,75.91525269,74.72740217,3.801041842,3.560114507,2.030436039,1.928130479,Low
CA4163812338919870830,242,First,CA4163812338919870830_CA4179612337420140814_1,1987,82.48446655,80.79107058,75.81552887,73.51964313,4.112383842,3.938467203,2.224900484,2.12574617,Low
CA4048312320019870830,242,First,CA4048312320019870830_CA4049212319820150803_1,1987,70.73626709,62.51015428,61.73808289,54.5009018,3.400812387,3.220161826,1.9765346050000001,1.883474413,Low
CA4052712339819870830,242,First,CA4052712339819870830_CA4049512341220080620_1,1987,78.98079681,74.61748839,70.9772644,65.76958493,3.686069489,3.358274261,2.088873148,1.938416792,Low
CA4065812346619870830,242,First,CA4065812346619870830_CA4068012335620150731_1,1987,76.89495087,72.02526071,68.45648956,62.74174265,4.142493725,3.717079379,2.267638445,2.094489028,Low
CA4057812346719870830,242,First,CA4057812346719870830_CA4064212358620150731_1,1987,73.03853607,72.00588035,63.90187073,62.8658313,3.880870581,3.689834417,2.21311903,2.11765002,Low
CA4065412339719870830,242,First,CA4065412339719870830_CA4068012335620150731_1,1987,76.89495087,73.38823846,68.45648956,64.10376646,3.569928646,3.508578316,2.062481403,2.012076953,Low
CA4040412333919870830,242,First,CA4040412333919870830_CA3966012280920200817_1,1987,77.89356995,74.13671307,69.9281311,65.53420443,3.266824007,3.032119754,1.902182221,1.767661851,Low
CA4044812339819870830,242,First,CA4044812339819870830_CA4049512341220080620_1,1987,75.31352997,74.73303545,66.89897919,66.15722981,3.466720104,3.282107741,2.008821964,1.90653093,Low
CA4105412315719870830,242,First,CA4105412315719870830_CA4095112320220060902_1,1987,73.05898285,70.79892084,66.08743286,64.62189171,2.953869581,2.700447677,1.520379782,1.389472823,Low
CA4199712363419870830,242,First,CA4199712363419870830_CA4185812335420200908_1,1987,79.02339935,75.07188685,72.54351807,67.75473116,3.698413372,3.454592395,1.902171731,1.831122236,Low
CA4199712363419870830,242,First,CA4199712363419870830_CA4185812335420200908_2,1987,79.02339935,77.41655785,72.54351807,70.17708186,3.698413372,3.495149946,1.911664724,1.854355239,Low
OR4236212395219870830,242,First,OR4236212395219870830_OR4244112390420020713_1,1987,79.27731323,76.19831247,71.33727264,68.19484812,3.891184092,3.389761717,1.973227978,1.76223821,Low
OR4328212264819870830,242,First,OR4328212264819870830_OR4328712265220020816_1,1987,71.79963684,71.59088429,63.66560364,63.4701383,3.082679987,3.058958801,1.790194631,1.774871061,Mixed
OR4493411861819870815,227,First,OR4493411861819870815_OR4492211866720090801_1,1987,74.8755722,72.59734907,61.39890671,59.10608289,2.298977137,2.257537331,1.479431987,1.443789029,Low
CA3954212303919870831,243,First,CA3954212303919870831_CA3966012280920200817_1,1987,88.05181885,79.24024994,80.02976227,70.66931016,3.671624184,3.188170352,2.217218876,1.918566188,Low
CA4009212322519870831,243,First,CA4009212322519870831_CA3966012280920200817_1,1987,83.69438934,79.97154368,75.41368866,71.1847546,3.390821934,3.011820475,1.943596959,1.719188228,Low
OR4253012367719870831,243,First,OR4253012367719870831_OR4252812357120180715_1,1987,78.97738647,77.80465349,72.10582733,70.39875064,3.694535255,3.379584679,1.92324698,1.779011742,Low
OR4291712307519870715,196,First,OR4291712307519870715_OR4294312309320040820_1,1987,70.79761505,70.08052079,53.32891464,52.5770865,2.702171326,2.605883881,1.467375875,1.404520872,Low
OR4291712307519870715,196,First,OR4291712307519870715_OR4292412304820150730_1,1987,69.68994141,68.39686806,52.17434692,50.78024614,2.702171326,2.557079702,1.467375875,1.360172007,Low
CA4174812318019870901,244,First,CA4174812318019870901_CA4179612337420140814_1,1987,82.75371552,80.5428477,76.54192352,73.76615955,4.01275301,3.289132892,2.083995342,1.758487607,Low
CA3935312277119870901,244,First,CA3935312277119870901_CA3924012311020180727_1,1987,85.09857941,80.14570845,77.42141724,71.63520332,3.344264269,2.902288958,2.007140875,1.701252163,Low
OR4457412175119870901,244,First,OR4457412175119870901_OR4451112177120030819_1,1987,69.57064819,68.33939055,61.07105637,59.66298374,2.895036936,2.560244865,1.632943511,1.441373616,Mixed
ID4554211520319880906,250,First,ID4554211520319880906_ID4555111522320030809_1,1988,77.7020874,75.14103688,68.25888824,64.68382854,2.780860186,2.456051614,1.548223615,1.368279772,Mixed
ID4612911474719880811,224,First,ID4612911474719880811_ID4610311477420070724_1,1988,76.36986542,75.66397576,67.86143494,67.1311676,2.451227903,1.993063225,1.790186763,1.435067276,Mixed
CA4018412304519880928,272,First,CA4018412304519880928_CA3966012280920200817_1,1988,83.56976318,76.10111114,62.48934174,55.35030783,2.178155899,2.078339239,1.138670325,1.083730107,Low
MT4724011275119880625,177,First,MT4724011275119880625_MT4721611299020070715_1,1988,49.2385788,48.18781911,37.37631607,36.27834462,1.871087551,1.784415873,1.153821588,1.090811866,High
MT4724011275119880625,177,First,MT4724011275119880625_MT4726811348520170724_1,1988,50.53788757,49.07004925,38.49394608,37.0503549,1.948564172,1.736880277,1.249933243,1.088055994,Low
ID4538711500819880625,177,First,ID4538711500819880625_ID4540111516420000731_1,1988,57.34626007,52.89465789,43.17089462,39.15813551,2.035553932,1.844758549,1.366277695,1.242989594,Low
ID4538711500819880625,177,First,ID4538711500819880625_ID4537411488820070616_1,1988,57.34626007,53.49484199,43.17089462,39.37540296,2.263257027,1.956404302,1.596493363,1.350354242,Low
MT4781311293519880711,193,First,MT4781311293519880711_MT4775511289820010929_1,1988,62.56081772,61.69716514,41.86845779,40.20376873,1.901976466,1.834048794,1.233638167,1.185477464,High
MT4781311293519880711,193,First,MT4781311293519880711_MT4780411300920130718_1,1988,63.64184189,62.49450647,42.58975601,41.50429778,1.871402264,1.730196723,1.233638167,1.135897803,High
ID4527011497119880711,193,First,ID4527011497119880711_ID4537411488820070616_1,1988,67.43582153,66.84512397,49.388237,48.71434307,2.100483656,2.052219691,1.322100997,1.293370782,Low
ID4527011497119880711,193,First,ID4527011497119880711_ID4549011522720170729_1,1988,67.81868744,66.65383335,49.37734222,47.82810385,2.062170744,1.941524892,1.297739506,1.209225746,High
WY4408111047019880820,233,First,WY4408111047019880820_WY4402111078620160725_1,1988,79.9957962,76.61600229,71.34324646,67.36992803,1.923504472,1.820712114,1.459923744,1.370354659,High
ID4557911514619880813,226,First,ID4557911514619880813_ID4551811500220000731_1,1988,74.70501709,70.36588711,65.82904053,61.24964698,2.780860186,2.351945694,1.951785803,1.619734338,Low
ID4557911514619880813,226,First,ID4557911514619880813_ID4558311517420140803_1,1988,75.80163574,72.72140715,67.14566803,63.74056769,2.780860186,2.525800013,1.951785803,1.766650121,Low
ID4557911514619880813,226,First,ID4557911514619880813_ID4560811517420150724_1,1988,70.37572479,67.45750274,61.16130829,58.46886158,2.46647954,2.016896534,1.72592783,1.405534982,Low
ID4557911514619880813,226,First,ID4557911514619880813_ID4555111522320030809_1,1988,77.78524017,73.17040571,69.36243439,64.42550563,2.873365641,2.464687339,2.063280821,1.747964986,Low
ID4624611454319880814,227,First,ID4624611454319880814_ID4631911465120120808_1,1988,76.94675446,76.03522446,67.61448669,66.55272382,1.917517185,1.883457263,1.365215302,1.337580307,Mixed
ID4624611454319880814,227,First,ID4624611454319880814_ID4624611454720170813_1,1988,75.3044281,74.68842082,66.0406189,65.27527132,1.892468929,1.821981031,1.339651585,1.28269167,Mixed
WY4470811082119880722,204,First,WY4470811082119880722_WY4474311097820160809_1,1988,77.89092255,73.61108998,68.77173615,65.00163517,2.186595917,2.07466434,1.692163825,1.58446172,High
WY4509511033019880815,228,First,WY4509511033019880815_WY4496811035620160813_1,1988,80.37346649,78.12237783,72.52508545,70.63561007,2.079740286,1.885677323,1.557199121,1.390313343,High
ID4565911500219880824,237,First,ID4565911500219880824_ID4569811508120120809_1,1988,71.58840942,69.87129029,62.23434448,60.67162268,2.077194214,1.743025045,1.478160977,1.238445986,Mixed
ID4519911475819880824,237,First,ID4519911475819880824_ID4523011471220050806_1,1988,83.44156647,81.03074138,78.09875488,75.00012932,2.884114742,2.529128632,2.034003735,1.772314402,Low
ID4519911475819880824,237,First,ID4519911475819880824_ID4513411480420060707_1,1988,86.55817413,81.83395224,80.42700195,74.55736753,2.64715457,2.314636639,1.899826288,1.638090313,Low
ID4519911475819880824,237,First,ID4519911475819880824_ID4529711473720070730_1,1988,84.01152802,81.79488286,78.68950653,75.86833522,2.863823175,2.616749604,2.022862673,1.840742235,Low
ID4519911475819880824,237,First,ID4519911475819880824_ID4520011474120130708_1,1988,86.55817413,81.65140411,80.89637756,75.05288531,2.932229042,2.471501042,2.066690207,1.740468819,Low
ID4538311527919890728,209,First,ID4538311527919890728_ID4540111516420000731_1,1989,54.30175018,50.32487909,41.89113617,38.43974514,1.801345825,1.697345236,1.20829308,1.153772347,High
OR4434811827719890728,209,First,OR4434811827719890728_OR4440811838320160731_1,1989,80.51818085,77.92638819,67.74428558,65.03648425,2.188506365,2.107729529,1.623734713,1.555330774,Low
ID4409211552419890726,207,First,ID4409211552419890726_ID4395011576220160718_1,1989,86.23942566,84.97672922,76.27626801,74.94068314,2.865582705,2.616121722,2.09762907,1.924857763,Low
ID4409211552419890726,207,First,ID4409211552419890726_ID4395011576220160718_2,1989,82.84355927,79.44481461,71.17873383,68.37438988,2.702587843,2.665664429,1.992576122,1.958477585,Low
ID4484911541919890726,207,First,ID4484911541919890726_ID4475011554820070717_1,1989,72.48945618,69.65840496,60.97454071,57.66771007,2.006109476,1.929133786,1.413129568,1.351198366,High
ID4475711573919890726,207,First,ID4475711573919890726_ID4475011554820070717_1,1989,75.54162598,74.00816782,62.91088104,61.73423989,2.420659065,2.268231909,1.664480686,1.529567379,Low
ID4462411561619890726,207,First,ID4462411561619890726_ID4475011554820070717_1,1989,72.5914917,70.24559229,61.38008881,58.47363292,2.441311359,2.055237995,1.630368233,1.362792068,High
ID4518411570919890726,207,First,ID4518411570919890726_ID4510511570820070706_1,1989,63.70887375,60.69033734,50.752677919999996,47.97670746,1.831207752,1.732486688,1.250290632,1.170701872,High
ID4538311615519890726,207,First,ID4538311615519890726_ID4520811624820150812_1,1989,79.41725159,74.3899596,65.97898865,60.70211878,3.031336069,2.694275208,2.165803194,1.883665524,Low
OR4459011778619890726,207,First,OR4459011778619890726_OR4458511775220150810_1,1989,79.1648407,76.87421704,65.88705444,63.0533445,2.580411911,2.272039,1.809123516,1.617163074,Low
MT4557410993319901005,278,First,MT4557410993319901005_MT4559210981020060822_1,1990,61.53832626,60.29765141,43.93166351,41.38015981,1.539495587,1.396149508,0.758047163,0.667830012,Mixed
ID4552311499419900707,188,First,ID4552311499419900707_ID4551811500220000731_1,1990,63.85324097,62.69997642,50.38671494,48.17071254,2.568325996,2.294867566,1.86634624,1.646984254,Low
CA3979312286719900809,221,First,CA3979312286719900809_CA3966012280920200817_1,1990,81.38545227,80.04164263,70.84420013,69.04875079,3.684643507,3.559844531,2.001585245,1.926104239,Low
ID4610111549719910924,267,First,ID4610111549719910924_ID4610011544620150814_1,1991,65.04798889,62.72611762,56.71887207,54.28708292,1.920915365,1.80870838,1.194658995,1.111821052,Mixed
MT4525511054919910716,197,First,MT4525511054919910716_MT4526911048420070808_1,1991,64.74665833,62.70003106,53.13251114,50.9483242,2.188123226,2.17738413,1.507219672,1.501504787,High
ID4549611561419920820,233,First,ID4549611561419920820_ID4554811559420070713_1,1992,63.20681,56.13967424,54.64414215,47.51847673,2.845483541,2.269718901,1.735415459,1.364617991,Low
ID4546711572619920818,231,First,ID4546711572619920818_ID4554811559420070713_1,1992,64.85949707,59.58920296,56.39932632,50.828295,2.943377972,2.543289643,1.879539013,1.597817237,Low
CA4136312315119940919,262,First,CA4136312315119940919_CA4143512316220170626_1,1994,77.17810059,76.00721272,61.39633179,59.83501158,2.915604591,2.766895309,1.71879971,1.616644427,Low
MT4871911410119940812,224,First,MT4871911410119940812_MT4865211410120010816_1,1994,65.20742798,61.19899234,58.36676407,54.35624513,2.208290815,2.080185263,1.615224481,1.486073967,High
MT4871911410119940812,224,First,MT4871911410119940812_MT4870811400920030716_1,1994,65.20742798,64.10905826,58.36676407,57.20661165,2.102748632,1.934238368,1.502177119,1.348580914,High
CA4162312361019940722,203,First,CA4162312361019940722_CA4161412365820080621_1,1994,81.83817291,78.02919453,79.12805176,74.01978006,3.432178259,2.871069619,2.657929897,2.238201744,Low
CA4162312361019940722,203,First,CA4162312361019940722_CA4178612347520170812_1,1994,78.96690369,71.38167794,75.21692657,65.88538661,2.946884155,2.282537702,2.246343851,1.797552414,Low
ID4479711558919940808,220,First,ID4479711558919940808_ID4475011554820070717_1,1994,74.68296051,70.11410283,66.65479279,61.4937592,2.576917171,2.098371697,1.843008995,1.474873709,Mixed
WA4781512037419940724,205,First,WA4781512037419940724_WA4785112054920180728_1,1994,82.71932983,74.02026796,74.14295197,62.81090116,3.542822361,2.603057402,2.240561485,1.601425515,Low
ID4640811494519940802,214,First,ID4640811494519940802_ID4639911493920120808_1,1994,68.86273193,66.37130958,60.5811348,58.3612889,2.330142498,2.003455419,1.758090138,1.495588697,High
ID4515511602719940802,214,First,ID4515511602719940802_ID4510511570820070706_1,1994,63.95190811,63.60560854,56.41248322,55.94151137,2.07435894,2.041339297,1.497841954,1.469599966,High
ID4515511602719940802,214,First,ID4515511602719940802_ID4520811624820150812_1,1994,76.96620178,71.13992559,68.92641449,61.90740846,3.090743065,2.344423392,2.382649899,1.79855967,Mixed
ID4521611552119940811,223,First,ID4521611552119940811_ID4510511570820070706_1,1994,75.90139771,70.1503961,67.58608246,62.19216656,2.911321163,2.500855258,2.057920456,1.7301316900000001,Low
ID4521611552119940811,223,First,ID4521611552119940811_ID4510511570820070706_2,1994,70.91287994,61.15619438,62.69069672,53.14689913,2.976749182,2.336331469,2.093795061,1.61080662,Low
ID4521611552119940811,223,First,ID4521611552119940811_ID4510511570820070706_3,1994,72.53569031,59.79980563,63.28766632,51.06221429,3.202356339,2.288218448,2.291100502,1.580701643,High
ID4521611552119940811,223,First,ID4521611552119940811_ID4524811543720200826_1,1994,67.54894257,56.971869,58.33429337,49.03306489,2.991784811,2.029722149,2.100008249,1.367593961,Mixed
ID4521611552119940811,223,Second,ID4512611554919850708_ID4521611552119940811_1,1994,70.53321838,62.57413277,62.69069672,54.98178265,2.924823523,2.340925778,2.050897121,1.598060559,Mixed
ID4570711463219960704,186,First,ID4570711463219960704_MT4565711478020130716_1,1996,51.93021011,51.0543772,36.2625885,36.12135848,2.161053896,2.044730212,1.193977118,1.122787539,Low
OR4431911871819960726,208,First,OR4431911871819960726_OR4428411896120150812_1,1996,76.46718597,72.1867329,66.02992249,60.37309945,2.780469656,2.42952226,1.743701339,1.507454287,Mixed
CA3920212274419960811,224,First,CA3920212274419960811_CA3924012311020180727_1,1996,89.45714569,86.20810011,82.9539032,79.62947938,4.126997948,3.761281612,2.69278717,2.52286325,Low
OR4335612252819960813,226,First,OR4335612252819960813_OR4334712249520080817_1,1996,63.82402039,60.16431193,53.64337921,48.86920582,2.924926519,2.680111426,1.71506238,1.526649108,Mixed
OR4335612252819960813,226,First,OR4335612252819960813_OR4330612262220170812_1,1996,63.82402039,62.15342105,53.64337921,51.81801041,2.924926519,2.79474118,1.71506238,1.614792686,Mixed
ID4546611650219960814,227,First,ID4546611650219960814_ID4539911656820050806_1,1996,85.52042389,83.31465944,73.56635284,70.76141272,3.42556119,2.688337603,2.296849966,1.77229347,Low
ID4557011468119960723,205,First,ID4557011468119960723_ID4542411459020120730_1,1996,62.86380386,59.71436621,48.76386642,46.48383246,2.085620165,1.880895265,1.316235423,1.180817514,Low
OR4487312131019960810,223,First,OR4487312131019960810_OR4504212118420100818_1,1996,66.11739349,64.63352949,60.21453094,57.86822438,3.750248194,3.398971797,2.05817914,1.796170757,Low
ID4541611481219980807,219,First,ID4541611481219980807_ID4542411459020120730_1,1998,61.34904861,58.3968475,43.364048,39.40483833,2.517661095,2.329106121,1.822954059,1.663770093,Low
ID4446211511519980823,235,First,ID4446211511519980823_ID4444511516620120727_1,1998,71.52169037,70.70869248,56.44290924,56.00039082,1.814152479,1.71483638,1.373537183,1.305169065,High
ID4536811434319980816,228,First,ID4536811434319980816_ID4542411459020120730_1,1998,76.02481079,72.05863153,62.6784668,57.36251147,3.064306498,2.712569255,2.289669514,2.010009953,Low
CA4083812250819990908,251,First,CA4083812250819990908_CA4065012263020180723_1,1999,85.97553253,82.32993058,74.08735657,70.13887523,3.313060999,3.136264825,2.413448095,2.298457374,Low
MT4566410972219991216,350,First,MT4566410972219991216_MT4559210981020060822_1,1999,61.99847412,61.64786596,54.5031662,54.19826819,0.729940951,0.71524432,0.414736122,0.411527163,High
CA4084112245519990823,235,First,CA4084112245519990823_CA4065012263020180723_1,1999,72.37082672,70.76478552,63.46629715,61.18582293,3.454061031,3.362800187,2.156432867,2.095687419,Low
CA4078612244619990823,235,First,CA4078612244619990823_CA4065012263020180723_1,1999,79.96631622,72.88414835,68.89737701,62.7234993,3.75510335,3.376450127,2.295623302,2.109415408,Low
CA4104812343519990823,235,First,CA4104812343519990823_CA4107312329420080621_1,1999,65.03033447,64.62966637,54.66013718,53.98815062,3.071583748,3.00098356,1.488325834,1.452421965,Low
CA4104812343519990823,235,First,CA4104812343519990823_CA4107012343620090702_1,1999,73.84806824,65.0061962,60.39410019,49.70315896,3.243874311,2.889048571,1.546823621,1.400647471,Low
CA4104812343519990823,235,First,CA4104812343519990823_CA4103512348820130810_1,1999,77.91751862,71.58166061,64.67668152,56.9482356,3.547847509,3.00753261,1.756767154,1.483541994,Low
CA4104812343519990823,235,First,CA4104812343519990823_CA4091312343720150731_1,1999,77.91751862,69.81503677,64.81465149,57.15769755,3.891631126,3.441641103,1.91800189,1.693332768,Low
CA4104812343519990823,235,First,CA4104812343519990823_CA4119412345820200727_1,1999,77.58338165,65.49337733,63.99876404,51.94701043,3.365235329,2.841338183,1.702531099,1.399711903,Low
ID4537911512519990802,214,First,ID4537911512519990802_ID4540111516420000731_1,1999,63.34206009,61.49339359,49.38943481,47.23307121,2.300516129,2.223314148,1.341258883,1.28534218,Low
ID4519911434120000710,192,First,ID4519911434120000710_ID4528611446020070713_1,2000,82.17417145,77.76351282,72.73466492,67.52730379,3.41902709,2.983949245,2.24254632,1.918042289,Low
OR4447912051520000823,236,First,OR4447912051520000823_OR4447912049720170909_1,2000,72.12433624,70.42201573,56.50050354,54.17499191,2.404324055,2.225503199,1.198158503,1.101014309,Low
MT4767311333220000726,208,First,MT4767311333220000726_MT4767511333320130811_1,2000,67.17971802,65.75588062,55.84608078,53.45967465,2.292369604,2.11023816,1.644721031,1.499348288,Low
MT4715911312120000728,210,First,MT4715911312120000728_MT4726811348520170724_1,2000,70.31851196,69.00083117,58.72406006,58.19461565,2.270354033,2.099555815,1.58412528,1.462845813,High
ID4546711474120000805,218,First,ID4546711474120000805_ID4542411459020120730_1,2000,76.25883484,71.77796088,65.86949921,60.73874183,2.325740337,1.98128157,1.692337871,1.412236783,Low
MT4783711353820000813,226,First,MT4783711353820000813_MT4784711358920150812_1,2000,70.86275482,69.56607639,62.96780396,59.7060772,1.898509026,1.819340252,1.31080091,1.25297854,Mixed
MT4729411319620000713,195,First,MT4729411319620000713_MT4726811348520170724_1,2000,64.89566803,61.33382051,47.29642487,44.10272954,1.935922384,1.890362659,1.131685257,1.110894419,Mixed
ID4537511565420000714,196,First,ID4537511565420000714_ID4510511570820070706_1,2000,74.11753082,69.55329936,62.23872757,57.85757841,2.985233307,2.535689534,1.979951978,1.673796907,Mixed
ID4567911483420000730,212,First,ID4567911483420000730_MT4565711478020130716_1,2000,74.02474213,72.94550932,63.76941299,62.58860863,2.382248878,2.219462106,1.742494822,1.624945131,Low
MT4620711124920000815,228,First,MT4620711124920000815_MT4617911126920120910_1,2000,78.86408234,78.65437352,69.7634964,69.23682825,2.74132061,2.544046638,1.91350317,1.752410887,Low
ID4557311483220000731,213,First,ID4557311483220000731_ID4542411459020120730_1,2000,72.72033691,67.41867139,64.1252594,56.60722543,2.308880568,1.862493329,1.6933285,1.331754551,Mixed
ID4551811500220000731,213,First,ID4551811500220000731_ID4542411459020120730_1,2000,79.16029358,74.90122471,68.36578369,63.80799466,3.080064535,2.687158856,2.270666599,1.968180661,Low
ID4546811459920000731,213,First,ID4546811459920000731_ID4542411459020120730_1,2000,74.21924591,72.23336018,63.59131622,62.03384089,2.376241207,2.190846512,1.751099706,1.610685513,Low
MT4589911360920000731,213,First,MT4589911360920000731_MT4599511358020170714_1,2000,72.1421814,70.5206407,62.84796143,61.05885012,2.260801077,2.102706165,1.551116705,1.416260287,High
ID4540111516420000731,213,First,ID4540111516420000731_ID4549311517620150809_1,2000,74.65999603,68.32545833,63.1794014,56.38084561,2.727782011,2.016560813,2.020026922,1.441668147,High
ID4540111516420000731,213,First,ID4540111516420000731_ID4549011522720170729_1,2000,79.345870970000007,70.97050015,69.49893951,60.73468741,2.429876804,2.172998904,1.781175375,1.559719661,High
ID4551811500220000731,213,Second,ID4557911514619880813_ID4551811500220000731_1,2000,78.52861023,72.9426401,69.71088409,61.9572918,3.024375439,2.53971434,2.252888918,1.848298151,Low
ID4540111516420000731,213,Second,ID4538711500819880625_ID4540111516420000731_1,2000,78.19670868,73.85725632,68.24063873,63.16190302,2.589784861,2.397240507,1.910970211,1.747419193,Low
ID4540111516420000731,213,Second,ID4538311527919890728_ID4540111516420000731_1,2000,67.5455246,67.26817104,57.86155319,56.666124430000004,2.151628733,1.972655836,1.522736907,1.383397939,High
ID4551811500220000731,213,Second,ID4552311499419900707_ID4551811500220000731_1,2000,77.04576111,73.35553726,67.54995728,62.26672198,3.080064535,2.687761896,2.270666599,1.971929878,Low
ID4540111516420000731,213,Second,ID4537911512519990802_ID4540111516420000731_1,2000,73.59469604,71.19077825,63.72859955,60.85948313,2.393281221,2.300350338,1.728286505,1.663109126,Low
ID4550511424720000817,230,First,ID4550511424720000817_ID4542411459020120730_1,2000,77.55432129,75.04300658,69.55489349,66.37851214,2.16214323,2.014076873,1.381361365,1.282290827,Mixed
CA4162512353920010915,258,First,CA4162512353920010915_CA4162312355820160607_1,2001,77.70774841,75.96791013,64.65467834,62.48211766,3.28140831,2.965779363,2.062454462,1.832514365,Low
WA4822012015920010709,190,First,WA4822012015920010709_WA4821112010220140714_1,2001,68.70570374,66.14025595,54.64588547,52.04603496,2.700643778,2.52210918,1.514724374,1.386808539,Low
WA4816212046320010812,224,First,WA4816212046320010812_WA4811712037720170831_1,2001,68.78290558,65.23212279,54.34246826,49.67421747,2.651120901,1.946822375,1.306372523,0.923831696,Low
MT4724611327520010913,256,First,MT4724611327520010913_MT4726811348520170724_1,2001,71.79555511,70.51568517,60.80532455,59.17112262,1.793353677,1.709555277,1.026723146,0.984214496,Mixed
MT4775511289820010929,272,Second,MT4781311293519880711_MT4775511289820010929_1,2001,57.20986557,52.54439626,43.17634583,40.47214082,1.966461897,1.89302392,0.77482897,0.741316089,High
ID4545011614520010805,217,First,ID4545011614520010805_ID4520811624820150812_1,2001,79.53544617,75.77025898,64.11415863,59.69454124,3.353343487,3.007412389,2.206121922,1.915335863,Low
WA4879411848120010813,225,First,WA4879411848120010813_WA4875611846220150811_1,2001,63.93896103,60.45433968,50.10843277,46.46808736,2.572235346,2.379710805,1.418681741,1.283105465,Mixed
OR4561911679520010814,226,Second,OR4558711675719860812_OR4561911679520010814_1,2001,82.0561676,80.10567996,68.65259552,67.08466716,3.238597155,3.109175961,2.303114653,2.209711911,Low
CA3939912270520010808,220,First,CA3939912270520010808_CA3924012311020180727_1,2001,87.10657501,84.6376509,81.14069366,78.58611305,3.490154028,2.859848343,2.24379468,1.879904841,Low
MT4865211410120010816,228,Second,MT4871911410119940812_MT4865211410120010816_1,2001,67.00009155,64.68529427,56.62625122,53.92691836,2.38727355,2.231313253,1.665265322,1.542122505,High
ID4544311453220020804,216,First,ID4544311453220020804_ID4542411459020120730_1,2002,69.64006042,69.28031274,55.1007309,54.74203619,1.746792912,1.561479016,1.250418305,1.109896394,Mixed
OR4428811829120020712,193,First,OR4428811829120020712_OR4440811838320160731_1,2002,82.56394958,81.26817181,66.97102356,65.66923671,3.460999966,3.136530272,1.994803905,1.805863465,Low
OR4433311962820020713,194,First,OR4433311962820020713_OR4431411958420150629_1,2002,79.85388947,78.04703116,70.82735443,69.27562047,4.001805305,3.64330878,2.32891345,2.111093441,Low
OR4277812272720020713,194,First,OR4277812272720020713_OR4282612280720180716_1,2002,72.45326996,66.13297642,64.95228577,57.90034326,2.9154686929999998,2.636115627,1.879357457,1.592515928,Low
OR4244112390420020713,194,First,OR4244112390420020713_OR4210312387320150611_1,2002,72.9577713,72.01486075,62.57830048,60.75177385,2.742452383,2.723078123,1.839944243,1.80786092,Low
OR4244112390420020713,194,First,OR4244112390420020713_OR4236212410720150802_1,2002,70.84411621,67.66453258,57.89609146,55.14713292,2.89799118,2.702604032,1.900406003,1.757617263,Low
OR4244112390420020713,194,First,OR4244112390420020713_OR4229712395420170712_1,2002,72.87337494,66.90943946,61.26014709,54.39821435,3.043407917,2.614852248,1.990375876,1.670166301,Low
OR4244112390420020713,194,First,OR4244112390420020713_OR4237012386020180716_1,2002,70.80661011,67.15185054,58.920646669999996,55.371610509999996,3.13597393,2.62707866,2.093689919,1.712261401,Low
OR4244112390420020713,194,First,OR4244112390420020713_OR4237012386020180716_2,2002,69.24058533,63.55351087,58.4133606,51.75470438,2.784267664,2.206257225,1.946433425,1.375040897,Low
OR4244112390420020713,194,First,OR4244112390420020713_OR4237012386020180716_3,2002,77.4382782,72.89626005,69.79669189,62.62066531,3.282690525,2.851732618,2.144714832,1.84409889,Low
OR4244112390420020713,194,Second,OR4236212395219870830_OR4244112390420020713_1,2002,73.29161072,69.1209011,61.33679962,56.59811568,3.144682169,2.679854694,2.068711758,1.727436758,Low
OR4328712265220020816,228,Second,OR4328212264819870830_OR4328712265220020816_1,2002,70.83473969,70.37865027,60.66489792,59.32292857,2.919085026,2.898342371,1.581544161,1.565047465,Mixed
WA4889812049420020817,229,First,WA4889812049420020817_WA4885512041420170723_1,2002,69.89137268,67.09133624,61.217556,58.64737631,1.496310711,1.373715348,0.97558248,0.88461288,Mixed
WA4896412045520020817,229,First,WA4896412045520020817_WA4885512041420170723_1,2002,70.5759201,65.75025371,61.95413208,57.93557064,1.381055951,1.318680836,0.865206003,0.84310639,Mixed
CA3950412282120030903,246,First,CA3950412282120030903_CA3924012311020180727_1,2003,83.87479401,74.52829854,76.57383728,64.83933782,2.515473366,2.450669825,1.758385062,1.707420753,Low
CA3963412282820030928,271,First,CA3963412282820030928_CA3966012280920200817_1,2003,94.66973877,91.89640981,84.91078186,81.16509595,2.722203493,2.620698545,1.644649982,1.579747017,Low
ID4604911480020030821,233,First,ID4604911480020030821_ID4606011473320120728_1,2003,74.28905487,72.41303549,62.5006485,61.14453802,3.115501881,2.835355032,2.110548735,1.911398031,Low
OR4399212254720030713,194,First,OR4399212254720030713_OR4400312257520170811_1,2003,64.03232574,63.10208535,55.03961182,53.98881416,2.740765333,2.692089432,1.588896155,1.560998962,High
MT4780811332820030806,218,First,MT4780811332820030806_MT4784711358920150812_1,2003,77.66729736,76.28226343,65.63119507,64.40113749,2.526982784,2.243454216,1.729845643,1.533259925,High
ID4599911526820030715,196,First,ID4599911526820030715_ID4606811540520150815_1,2003,78.56253815,76.68352161,64.12400055,60.92158197,3.121121407,2.85142041,2.159867764,1.9623026,Mixed
MT4856111405520030723,204,First,MT4856111405520030723_MT4864311391620180811_1,2003,81.57120514,80.4110598,71.11672211,69.09161292,2.819856882,2.504608941,2.081065178,1.849547554,High
MT4870811400920030716,197,Second,MT4871911410119940812_MT4870811400920030716_1,2003,79.89733124,79.10530189,64.3531189,62.49710652,2.558094501,2.346904376,1.819181561,1.660933235,High
ID4555111522320030809,221,Second,ID4557911514619880813_ID4555111522320030809_1,2003,78.86573792,75.2276543,65.4106369,61.79669011,3.285457373,2.826133959,2.336904049,2.004565007,Low
ID4555111522320030809,221,Second,ID4554211520319880906_ID4555111522320030809_1,2003,79.02361298,75.34004783,64.83231354,62.04739661,3.111788988,2.746887684,2.229901552,1.977375318,Mixed
MT4760011331820030718,199,Second,MT4755711337219850629_MT4760011331820030718_1,2003,80.17002869,75.99344482,64.94244385,59.23367247,2.755303621,2.35663592,1.906241298,1.607182841,High
OR4451112177120030819,231,First,OR4451112177120030819_OR4472312167920200817_1,2003,68.28069305,63.53155809,55.95048141,49.89311438,2.788189173,2.24476035,1.533757925,1.134749883,Mixed
OR4451112177120030819,231,Second,OR4457412175119870901_OR4451112177120030819_1,2003,67.29574585,66.3114313,54.8914566,53.59976464,2.802237511,2.516228623,1.575035214,1.368253175,Mixed
OR4294312309320040820,233,Second,OR4291712307519870715_OR4294312309320040820_1,2004,69.38642883,68.46234405,57.11484146,56.15914112,2.920171976,2.818763541,1.826493025,1.746776685,Low
CA4074012270320040814,227,First,CA4074012270320040814_CA4065012263020180723_1,2004,84.07526398,81.45895228,74.99266052,71.24765162,3.687503099,3.363108905,2.365430832,2.143291514,Low
ID4539911656820050806,218,Second,ID4535711661519860811_ID4539911656820050806_1,2005,88.27457428,86.74269746,81.79385376,80.04038212,3.52757144,3.007837374,2.628238678,2.225116715,Low
ID4523011471220050806,218,Second,ID4519911475819880824_ID4523011471220050806_1,2005,81.82748413,77.71665053,72.66404724,67.73820656,3.086697102,2.676734107,2.237997532,1.915025969,Low
ID4539911656820050806,218,Second,ID4546611650219960814_ID4539911656820050806_1,2005,88.76572418,87.04122796,81.50984192,79.49517915,3.756571531,3.026746505,2.816771746,2.233699595,Low
ID4524911525120050807,219,Second,ID4529711522619860811_ID4524911525120050807_1,2005,72.55944824,68.37791801,63.01994705,59.26911087,2.119734526,1.926179078,1.465319633,1.314250983,Mixed
ID4570211495320050808,220,First,ID4570211495320050808_ID4569811508120120809_1,2005,65.19029999,64.05190161,56.05342865,54.98072682,2.190653563,1.872850085,1.54074657,1.309028884,High
ID4550011471520050801,213,First,ID4550011471520050801_ID4542411459020120730_1,2005,68.26138306,64.19373835,56.68930054,53.90313042,2.019869566,1.836405532,1.45242548,1.303121503,Mixed
ID4543911498720050801,213,Second,ID4543811494219860812_ID4543911498720050801_1,2005,74.00734711,72.97163294,62.94702911,61.15547194,3.112740278,2.867768907,2.256307364,2.079910237,Low
OR4431412180120060805,217,First,OR4431412180120060805_OR4435412173920070830_1,2006,69.33728027,65.09370049,61.65189743,57.36112596,2.464403629,2.256504026,1.397237301,1.25500867,Mixed
ID4495511537120060806,218,First,ID4495511537120060806_ID4475011554820070717_1,2006,76.36789703,74.72229237,67.51486206,66.10908614,2.211281776,2.168702286,1.466154814,1.448654953,High
WA4897812059620060822,234,First,WA4897812059620060822_WA4885512041420170723_1,2006,71.63546753,67.91647952,63.07434464,58.99133175,1.867033362,1.775917129,1.043652892,1.013430363,Low
MT4559210981020060822,234,Second,MT4557410993319901005_MT4559210981020060822_1,2006,78.58886719,76.10660052,64.42455292,61.4196572,2.36422205,2.182417597,1.676163554,1.54220538,Mixed
MT4559210981020060822,234,Second,MT4566410972219991216_MT4559210981020060822_1,2006,83.96479034,83.26263473,70.5789566,70.37398693,2.888550758,2.782473813,1.967876554,1.898693856,High
WA4811112069920060706,187,First,WA4811112069920060706_WA4822612066620150629_1,2006,65.79254913,63.46308919,49.15811157,47.70687007,1.880093932,1.736360097,1.071547627,0.966442808,Mixed
ID4451811531020060807,219,Second,ID4448411541019870804_ID4451811531020060807_1,2006,80.96795654,79.17872921,70.92649841,67.71404697,2.42204833,2.092729948,1.642022014,1.424424739,High
ID4513411480420060707,188,Second,ID4519911475819880824_ID4513411480420060707_1,2006,79.98065186,74.90039969,64.75175476,57.81742247,2.916288137,2.498889747,2.012704849,1.72180066,Low
CA4141412317720060723,204,First,CA4141412317720060723_CA4143512316220170626_1,2006,71.56560516,71.34052936,63.25647736,63.20800136,2.520844936,2.44443699,1.737036109,1.676755113,Low
OR4427112168020060723,204,First,OR4427112168020060723_OR4425712174320170811_1,2006,67.01886749,63.40349304,57.99015427,53.96046853,2.902018547,2.443769801,1.64964211,1.364913558,Mixed
CA4160912335520060723,204,Second,CA4163812338919870830_CA4160912335520060723_1,2006,77.40483856,71.1644766,70.89826965,63.78656291,3.231943607,2.534523898,2.146870375,1.720439672,Low
ID4550511588320060816,228,First,ID4550511588320060816_ID4554811595020170801_1,2006,78.48774719,75.16288434,69.29724884,63.74198927,2.517147064,2.158937127,1.674397945,1.415399834,Low
CA3966212292720060724,205,First,CA3966212292720060724_CA3966012280920200817_1,2006,85.27200317,82.83735771,79.15306854,76.63896074,3.252049685,3.041404442,2.289455652,2.131291153,Low
CA4142612330620060724,205,Second,CA4141212331619870830_CA4142612330620060724_1,2006,77.88286591,75.43269736,71.19593811,68.34432487,3.48171258,3.124009267,2.41316247,2.158773863,Low
CA4095112320220060902,245,First,CA4095112320220060902_CA4119412345820200727_1,2006,82.4498291,80.804483,75.82736206,73.62511631,3.135151863,2.906408761,2.194894314,1.969290871,Low
CA4095112320220060902,245,Second,CA4080812321419850726_CA4095112320220060902_1,2006,83.10986328,81.00199996,77.33106232,74.38193871,2.998311758,2.798707936,2.125878096,1.944855012,Low
CA4095112320220060902,245,Second,CA4105412315719870830_CA4095112320220060902_1,2006,79.88504791,78.61587679,74.68313599,71.89883428,2.614758015,2.415329184,1.76311028,1.599500007,Low
OR4259112058820070315,74,First,OR4259112058820070315_OR4257212055720200908_1,2007,41.13703537,39.76023962,28.35838318,26.8688075,1.148092508,1.122417312,0.57469207,0.560202819,Mixed
OR4468212159620070712,193,First,OR4468212159620070712_OR4472312167920200817_1,2007,64.49117279,63.39690156,52.60882568,51.5352406,2.406667709,2.157851348,1.338891387,1.237147844,Mixed
WA4814412059320070805,217,First,WA4814412059320070805_WA4822612066620150629_1,2007,77.4703598,74.06358847,69.81684875,66.46268594,2.823276281,2.24194467,1.692829013,1.346599011,Low
ID4554811559420070713,194,Second,ID4543311548219850715_ID4554811559420070713_1,2007,77.05986786,73.63427587,69.50958252,65.56885198,3.493551254,2.980323894,2.547535658,2.143866579,Low
ID4554811559420070713,194,Second,ID4546711572619920818_ID4554811559420070713_1,2007,75.17923737,72.00740673,67.76087952,63.64263946,3.280668497,2.863320578,2.367822409,2.046207456,Low
ID4554811559420070713,194,Second,ID4549611561419920820_ID4554811559420070713_1,2007,74.38880157,69.66590693,66.34771729,60.47158019,3.180984497,2.594906257,2.286427736,1.844675374,Low
ID4528611446020070713,194,Second,ID4519911434120000710_ID4528611446020070713_1,2007,82.20343018,79.63948563,74.48162079,71.15881672,3.563250065,3.192878791,2.633240461,2.339274289,Low
OR4435412173920070830,242,Second,OR4431412180120060805_OR4435412173920070830_1,2007,64.39379883,62.01061978,48.8186264,46.1139071,1.887474656,1.733581272,1.017522693,0.92028382,Mixed
MT4797011293420070628,179,First,MT4797011293420070628_MT4795711307120170816_1,2007,63.10122681,62.40627079,42.83597183,42.36221997,2.023967266,1.980396533,1.088422418,1.068303389,High
MT4797011293420070628,179,First,MT4797011293420070628_MT4795711307120170816_2,2007,62.50362396,61.4443402,43.20698547,42.40451526,2.056069374,1.985244547,1.100633264,1.067602041,High
ID4568011472320070706,187,First,ID4568011472320070706_ID4542411459020120730_1,2007,69.48007965,66.29652866,56.19639587,53.41534874,2.430359602,2.065651398,1.579391956,1.333357903,Mixed
ID4568011472320070706,187,First,ID4568011472320070706_ID4542411459020120730_2,2007,68.12450409,65.46355393,55.33913803,52.35762023,2.351721764,1.965061123,1.55730617,1.273750664,Mixed
ID4510511570820070706,187,Second,ID4536811556319870912_ID4510511570820070706_1,2007,76.32670593,73.74364094,65.62718201,62.33654312,3.328710079,2.919387418,2.189891815,1.889559399,Mixed
ID4510511570820070706,187,Second,ID4518411570919890726_ID4510511570820070706_1,2007,69.72637939,67.66567129,57.65563202,56.07590372,2.210376024,2.092822111,1.371791124,1.293291979,High
ID4510511570820070706,187,Second,ID4515511602719940802_ID4510511570820070706_1,2007,68.59418488,67.74042648,58.63415909,58.04443849,2.271365643,2.210128808,1.426113367,1.383441018,High
ID4510511570820070706,187,Second,ID4521611552119940811_ID4510511570820070706_1,2007,81.43399048,78.12711067,72.19573212,68.29015236,3.257031918,2.845233738,2.125070095,1.819563611,Low
ID4510511570820070706,187,Second,ID4521611552119940811_ID4510511570820070706_2,2007,79.42163086,73.83066032,70.13902283,63.32131831,3.363594294,2.722794887,2.170019865,1.737818411,Low
ID4510511570820070706,187,Second,ID4521611552119940811_ID4510511570820070706_3,2007,77.41690063,69.99911789,66.94599152,59.12417515,3.58540535,2.605173253,2.344448566,1.668646541,High
ID4510511570820070706,187,Second,ID4537511565420000714_ID4510511570820070706_1,2007,76.32670593,73.31253133,65.62718201,62.14227305,3.328710079,2.892126403,2.189891815,1.885183098,Mixed
ID4529711473720070730,211,Second,ID4519911475819880824_ID4529711473720070730_1,2007,86.53936768,85.44150988,78.39173126,75.69688548,3.117967129,2.863946112,2.338802814,2.14715409,Low
MT4721611299020070715,196,Second,MT4724011275119880625_MT4721611299020070715_1,2007,70.79556274,70.25169881,57.77209473,57.18005936,2.578351259,2.493875192,1.721112609,1.649904001,High
MT4526911048420070808,220,Second,MT4525511054919910716_MT4526911048420070808_1,2007,75.74246979,73.72490579,55.5348053,53.86376915,2.391620874,2.373595565,1.609761953,1.584494543,High
MT4732811325720070716,197,First,MT4732811325720070716_MT4726811348520170724_1,2007,71.62036896,69.16119811,58.8237915,55.98155204,2.496424675,2.327329719,1.738719106,1.638169225,High
ID4610311477420070724,205,Second,ID4612911474719880811_ID4610311477420070724_1,2007,80.12805939,77.90425051,72.3567276,67.50733569,2.937232256,2.439844678,2.153560638,1.769794587,Mixed
ID4475011554820070717,198,First,ID4475011554820070717_ID4478611547620200826_1,2007,81.01013947,77.59539024,74.22214508,70.66543497,2.490739346,2.325810482,1.746174455,1.604494998,Mixed
ID4475011554820070717,198,Second,ID4448411541019870804_ID4475011554820070717_1,2007,79.99822235,79.61397942,73.05200958,72.58570136,2.472718716,2.408963131,1.755674839,1.705218293,High
ID4475011554820070717,198,Second,ID4484911541919890726_ID4475011554820070717_1,2007,78.99013519,77.14315406,73.1219101,71.01215901,2.465483189,2.368656682,1.707002163,1.632039921,High
ID4475011554820070717,198,Second,ID4475711573919890726_ID4475011554820070717_1,2007,81.46263123,80.31119481,74.74731445,73.61120913,2.860152006,2.648742296,2.042794228,1.903826269,Low
ID4475011554820070717,198,Second,ID4462411561619890726_ID4475011554820070717_1,2007,80.97003937,78.45458357,74.48685455,72.70523464,2.884007215,2.522565398,2.065886736,1.786684096,High
ID4475011554820070717,198,Second,ID4479711558919940808_ID4475011554820070717_1,2007,80.63210297,79.17465877,74.74731445,72.46572226,2.860152006,2.422966754,2.042794228,1.720679053,Mixed
ID4475011554820070717,198,Second,ID4495511537120060806_ID4475011554820070717_1,2007,74.65419006,73.29727532,68.03310394,66.80204109,2.490742445,2.466905522,1.698872089,1.688117217,High
ID4537411488820070616,167,Second,ID4543811494219860812_ID4537411488820070616_1,2007,64.78901672,63.63287504,45.37344742,44.06522794,2.419559479,2.378234451,1.425841928,1.379738595,Low
ID4537411488820070616,167,Second,ID4527011497119880711_ID4537411488820070616_1,2007,63.05540466,62.15955217,45.4695282,44.35159125,1.983542204,1.925473114,1.10956645,1.078027975,Low
ID4537411488820070616,167,Second,ID4538711500819880625_ID4537411488820070616_1,2007,64.78901672,61.86358042,45.37344742,43.0483112,2.419559479,2.131710615,1.425841928,1.218991292,Low
CA4168112341420070710,191,Second,CA4163812338919870830_CA4168112341420070710_1,2007,80.04213715,77.76430805,69.29211426,66.83120251,3.411779165,3.213414521,2.105336189,1.963977231,Low
ID4637411451920070718,199,First,ID4637411451920070718_ID4638111450920170710_1,2007,76.34197998,74.47830628,66.89315033,65.2285753,2.436077833,2.277707174,1.81013298,1.691945229,High
WA4611412144620080712,194,First,WA4611412144620080712_WA4613412137420150811_1,2008,71.77467346,67.87313027,63.71419907,58.79786289,2.285120726,1.865457184,1.269492745,1.085949735,Mixed
CA4134912330820080620,172,First,CA4134912330820080620_CA4143512316220170626_1,2008,74.38665009,68.93227191,64.84440613,59.18128186,2.788097858,2.148351173,1.571302652,1.177985271,Low
CA4134912330820080620,172,Second,CA4141212331619870830_CA4134912330820080620_1,2008,74.7110672,71.30436065,66.2848587,61.62069125,3.227292538,2.734164945,1.864574313,1.541689078,Low
CA4049512341220080620,172,Second,CA4052712339819870830_CA4049512341220080620_1,2008,78.89505005,75.88221746,70.43080139,67.19906543,2.812312603,2.546350067,1.813694,1.649247927,Low
CA4049512341220080620,172,Second,CA4044812339819870830_CA4049512341220080620_1,2008,75.9048996,75.57836319,67.15380096,66.85005761,2.636769056,2.503333509,1.718147039,1.631490878,Low
CA4154112338120080722,204,First,CA4154112338120080722_CA4145212338020170811_1,2008,83.8038559,80.10463541,79.51385498,75.97650421,3.348758936,2.84510877,2.373946905,1.975380905,Low
CA4154112338120080722,204,Second,CA4163812338919870830_CA4154112338120080722_1,2008,82.51548004,80.00845758,79.05835724,76.56693988,3.39400959,2.828771245,2.351378202,1.964001051,Low
CA4154112338120080722,204,Second,CA4163812338919870830_CA4154112338120080722_2,2008,81.81104279,80.16784249,78.28629303,76.76365552,2.790475607,2.630702988,1.977012753,1.853172566,Low
CA4054612266320080621,173,First,CA4054612266320080621_CA4065012263020180723_1,2008,86.60862732,83.21609103,80.62432861,77.01687058,3.722002029,2.859190083,2.547708273,1.946125853,Low
CA4071412316220080621,173,First,CA4071412316220080621_CA4077112312420170831_1,2008,77.60111237,75.669049330000007,69.44034576,67.13944505,2.814276457,2.628234418,1.820976615,1.718866539,Low
CA4009612297920080621,173,First,CA4009612297920080621_CA3966012280920200817_1,2008,82.39128113,78.86161203,74.88938904,70.09695534,2.485745192,2.109393043,1.748108625,1.40179801,Low
CA4018512311920080621,173,First,CA4018512311920080621_CA3966012280920200817_1,2008,72.11762238,68.56012538,63.16171265,59.33537887,2.149604082,2.129602766,1.425940752,1.404923078,Low
CA4083712326320080621,173,First,CA4083712326320080621_CA4091312343720150731_1,2008,74.17903137,71.7752987,65.36226654,62.66410725,2.659864664,2.250986161,1.694173574,1.416707112,Low
CA4161412365820080621,173,Second,CA4162312361019940722_CA4161412365820080621_1,2008,75.88265228,70.37759098,68.81454468,62.52556718,3.012850046,2.514399341,1.869499683,1.588189616,Low
CA4107312329420080621,173,Second,CA4104812343519990823_CA4107312329420080621_1,2008,72.46798706,72.10805716,64.09069824,63.67433713,2.560889482,2.476623064,1.565818906,1.506169568,Low
OR4277912225220080816,229,First,OR4277912225220080816_OR4279812231820170725_1,2008,69.85971832,68.23554008,56.19813538,54.97676773,2.59150815,2.2942447,1.237780571,1.09201472,Low
CA4091712133820080622,174,First,CA4091712133820080622_CA4090112136820140731_1,2008,79.81266785,79.19846161,71.91748047,71.18323132,2.965582609,2.844570996,1.865610242,1.783923194,Low
CA4069812251020080622,174,First,CA4069812251020080622_CA4065012263020180723_1,2008,86.958992,84.36829801,81.34927368,78.27291534,3.984066486,3.441917763,2.777787447,2.352451996,Low
OR4334712249520080817,230,Second,OR4335612252819960813_OR4334712249520080817_1,2008,66.44135284,61.68147329,52.3428688,47.8852713,2.812353134,2.616696508,1.350456238,1.188159249,Mixed
CA4107012343620090702,183,Second,CA4104812343519990823_CA4107012343620090702_1,2009,79.19612122,75.74615354,63.953228,56.5117563,3.133013725,2.790635554,1.866893888,1.593451111,Low
OR4334712281020090728,209,First,OR4334712281020090728_OR4333412278820200908_1,2009,69.75647736,67.80483627,60.84565735,58.71435856,2.901237249,2.782690715,1.72642386,1.634728192,Mixed
OR4492211866720090801,213,Second,OR4493411861819870815_OR4492211866720090801_1,2009,78.89103699,77.47324343,60.99860764,59.88721063,2.557523489,2.519821944,1.570384979,1.52311006,Low
OR4242312371620100813,225,First,OR4242312371620100813_OR4237012386020180716_1,2010,75.6062088,74.19653383,67.21659088,65.63363419,3.320839167,3.232988141,1.679041862,1.626779676,Low
OR4504212118420100818,230,Second,OR4487312131019960810_OR4504212118420100818_1,2010,68.45688629,67.14881649,57.01712418,55.94951432,3.108623266,2.805374159,1.532745004,1.313557432,Low
MT4617911126920120910,254,Second,MT4620711124920000815_MT4617911126920120910_1,2012,94.46155548,93.90034075,86.15626526,85.15604306,2.782335997,2.550325497,1.910313606,1.724973781,Low
ID4444511516620120727,209,First,ID4444511516620120727_ID4451711501920190710_1,2012,78.19960022,77.91288217,66.8499527,65.97916354,2.290000677,2.151140545,1.557120919,1.464130766,Mixed
ID4444511516620120727,209,Second,ID4446211511519980823_ID4444511516620120727_1,2012,79.3624649,77.91659831,65.99057007,65.58724368,2.252593279,2.176636905,1.534951806,1.48407709,High
OR4473312173020120804,217,First,OR4473312173020120804_OR4472312167920200817_1,2012,63.73787308,61.42654952,52.65251541,50.08315188,2.390117407,2.101564124,1.514001727,1.311282413,Mixed
ID4606011473320120728,210,Second,ID4604911480020030821_ID4606011473320120728_1,2012,68.32045746,66.56578693,54.52448273,52.84463304,2.886075258,2.684051914,1.945316315,1.789770443,Low
CA4188812325320120805,218,Second,CA4189812322019870830_CA4188812325320120805_1,2012,90.78684998,87.73867596,80.2702713,75.65693776,4.305116653,3.875056571,2.935821533,2.539445637,Low
OR4211012080120120806,219,Second,CA4192312065019840813_OR4211012080120120806_1,2012,94.14967346,92.5922741,83.76550293,81.79196661,2.921442986,2.866757975,2.27839613,2.233435773,Mixed
ID4542411459020120730,212,Second,ID4537211447019850720_ID4542411459020120730_1,2012,83.0082016,76.44966696,71.56827545,64.7830953,3.618916988,2.781390211,2.4409163,1.794490435,Low
ID4542411459020120730,212,Second,ID4557011468119960723_ID4542411459020120730_1,2012,68.93845367,65.18974187,57.39797974,53.80641605,2.462844372,2.245668429,1.536248803,1.377161604,Low
ID4542411459020120730,212,Second,ID4541611481219980807_ID4542411459020120730_1,2012,76.08791351,73.53717899,63.81533432,61.11348856,3.168735743,2.950867571,2.05487752,1.883617146,Low
ID4542411459020120730,212,Second,ID4536811434319980816_ID4542411459020120730_1,2012,82.26649475,79.63291849,71.26232147,68.24348185,3.4349792,3.123755348,2.311837912,2.054009175,Low
ID4542411459020120730,212,Second,ID4557311483220000731_ID4542411459020120730_1,2012,67.19593048,64.78696097,55.95262146,52.68114775,2.462844372,2.047130785,1.540025949,1.233164784,Mixed
ID4542411459020120730,212,Second,ID4550511424720000817_ID4542411459020120730_1,2012,71.29226685,68.20744538,58.09524536,55.23788824,2.379504442,2.22489633,1.476752996,1.367235083,Mixed
ID4542411459020120730,212,Second,ID4551811500220000731_ID4542411459020120730_1,2012,74.68869019,71.22069013,63.09509659,59.36975913,3.291110516,2.897999718,2.118074656,1.840907707,Low
ID4542411459020120730,212,Second,ID4546811459920000731_ID4542411459020120730_1,2012,71.57064056,70.10342288,60.14627457,58.65819664,2.572167397,2.385498802,1.62963593,1.497410518,Low
ID4542411459020120730,212,Second,ID4546711474120000805_ID4542411459020120730_1,2012,71.90450287,68.14871585,59.83242798,55.9533572,2.566099882,2.209833471,1.596071243,1.340013193,Low
ID4542411459020120730,212,Second,ID4544311453220020804_ID4542411459020120730_1,2012,71.57064056,71.32452839,60.40314102,60.20660832,2.572167397,2.289287602,1.62963593,1.433858178,Mixed
ID4542411459020120730,212,Second,ID4550011471520050801_ID4542411459020120730_1,2012,67.94005585,67.10138568,55.99373627,54.93444735,2.23643446,2.097953143,1.382469416,1.260087872,Mixed
ID4542411459020120730,212,Second,ID4568011472320070706_ID4542411459020120730_1,2012,69.87071228,66.72629201,56.91386414,53.74971122,2.437906265,2.102248624,1.503032446,1.258082907,Mixed
ID4542411459020120730,212,Second,ID4568011472320070706_ID4542411459020120730_2,2012,67.40370178,65.6996635,54.57965851,52.95774983,2.3761096,2.015997691,1.452234983,1.193770209,Mixed
CA3931912270720120707,189,First,CA3931912270720120707_CA3924012311020180727_1,2012,84.22724915,83.37302917,76.71354675,75.15276256,3.765769005,3.214219089,2.275040865,1.912008121,Low
ID4631911465120120808,221,Second,ID4624611454319880814_ID4631911465120120808_1,2012,72.03966522,71.27809173,61.74452972,60.91401191,2.209263563,2.172520509,1.443705797,1.417161353,Mixed
ID4639911493920120808,221,Second,ID4640811494519940802_ID4639911493920120808_1,2012,73.974777220000007,72.18713473,63.20853424,61.37213933,2.324864388,2.016753279,1.654818416,1.40771309,High
ID4569811508120120809,222,Second,ID4565911500219880824_ID4569811508120120809_1,2012,64.67119598,63.72470035,56.36219406,55.17818331,2.410625219,2.023147005,1.524160028,1.2556721,Mixed
ID4569811508120120809,222,Second,ID4570211495320050808_ID4569811508120120809_1,2012,65.23308563,62.58721762,56.40132904,53.82618222,2.275446892,1.97269762,1.452662468,1.242540726,High
CA3986612313320120818,231,First,CA3986612313320120818_CA3966012280920200817_1,2012,95.84185028,93.74876021,91.12265778,88.79414067,4.045196533,3.617150404,2.787499428,2.435278062,Low
CA3986612313320120818,231,First,CA3986612313320120818_CA3966012280920200817_2,2012,95.46681976,93.98120934,91.43228912,89.76643043,4.308895111,3.575712855,3.033293009,2.483582711,Low
CA4130012313520130731,212,Second,CA4141212331619870830_CA4130012313520130731_1,2013,89.90639496,88.30719203,82.22890472,80.65394589,4.258759975,3.716916434,2.850619555,2.456592952,Low
ID4520011474120130708,189,Second,ID4519911475819880824_ID4520011474120130708_1,2013,76.53510284,70.48240139,57.700111389999996,51.0962377,3.013666391,2.531906591,2.041361094,1.701641192,Low
MT4565711478020130716,197,Second,ID4570711463219960704_MT4565711478020130716_1,2013,71.7664566,69.06450221,56.33177567,53.26275054,2.224692106,2.068658758,1.633054495,1.514194556,Low
MT4565711478020130716,197,Second,ID4567911483420000730_MT4565711478020130716_1,2013,73.22258759,72.30037326,58.10159683,57.18319228,2.284566164,2.145178229,1.679162264,1.56998478,Low
CA4103512348820130810,222,Second,CA4104812343519990823_CA4103512348820130810_1,2013,89.34879303,86.65809559,78.75455475,76.48883268,4.412325382,3.737076142,2.398845911,1.992406102,Low
MT4780411300920130718,199,Second,MT4781311293519880711_MT4780411300920130718_1,2013,65.94802094,64.92414446,51.27485275,50.87184511,1.767227888,1.607199026,1.292789102,1.17201956,High
OR4261412376020130726,207,Second,OR4259412369419870830_OR4261412376020130726_1,2013,75.60250854,73.57491477,68.21565247,66.56236231,3.105345964,2.68143729,2.195869207,1.861765612,Low
MT4767511333320130811,223,Second,MT4767311333220000726_MT4767511333320130811_1,2013,68.71731567,66.62858329,52.48125839,50.40649461,1.984434485,1.803191124,1.376569152,1.23336383,Low
OR4519612218020140914,257,First,OR4519612218020140914_OR4504912206220200908_1,2014,54.50079346,51.86637015,37.46493912,34.22703639,2.312048197,1.985493759,0.984189212,0.823945819,High
ID4558311517420140803,215,Second,ID4557911514619880813_ID4558311517420140803_1,2014,68.29832458,64.65596311,55.62784576,52.38264953,2.623067379,2.355430661,1.865822554,1.670258957,Low
OR4245612363620140913,256,First,OR4245612363620140913_OR4252812357120180715_1,2014,89.37327576,88.18600485,67.84211731,67.00445763,2.827520609,2.728721146,1.676596761,1.565171171,Low
CA4179612337420140814,226,Second,CA4165612314419870830_CA4179612337420140814_1,2014,82.9067688,81.75399452,76.48020172,75.0985166,2.962935209,2.69945191,2.177771091,1.97526061,Low
CA4179612337420140814,226,Second,CA4175812328419870830_CA4179612337420140814_1,2014,82.80781555,80.40284424,75.07978821,72.58552523,3.104649544,2.875399965,2.295680285,2.114097369,Low
CA4179612337420140814,226,Second,CA4163812338919870830_CA4179612337420140814_1,2014,83.2246933,81.92067491,75.9119873,74.264888439999993,3.112588882,2.961786579,2.326225042,2.193771496,Low
CA4179612337420140814,226,Second,CA4174812318019870901_CA4179612337420140814_1,2014,81.84658051,77.70856897,75.13975525,70.07368826,2.96943903,2.467813394,2.25153327,1.764303216,Low
WA4821112010220140714,195,Second,WA4822012015920010709_WA4821112010220140714_1,2014,76.79329681,75.20312158,64.93938446,63.73746676,3.365242243,3.226332764,2.050022364,1.939648258,Low
CA4090112136820140731,212,Second,CA4091712133820080622_CA4090112136820140731_1,2014,92.70626831,91.82038783,80.96405029,79.61803664,3.269615173,3.171744087,2.241259813,2.170668426,Low
OR4210312387320150611,162,Second,OR4244112390420020713_OR4210312387320150611_1,2015,69.82061005,68.51576653,54.87601471,53.87974143,2.687832594,2.507406817,1.549333453,1.476373363,Low
ID4520811624820150812,224,Second,ID4540311601419850717_ID4520811624820150812_1,2015,86.98136902,86.30664995,77.54406738,75.47364637,3.565371275,3.222285871,2.394150257,2.161260862,Low
ID4520811624820150812,224,Second,ID4540311601419850717_ID4520811624820150812_2,2015,87.11882782,85.6768455,76.47310638,74.32262227,3.394842625,3.176554991,2.279033899,2.110775275,Low
ID4520811624820150812,224,Second,ID4538311615519890726_ID4520811624820150812_1,2015,89.79130554,86.27232116,79.89929199,75.78255663,3.565371275,3.236322936,2.415207863,2.157818255,Low
ID4520811624820150812,224,Second,ID4515511602719940802_ID4520811624820150812_1,2015,86.98136902,83.25677578,77.54406738,70.67520773,3.565371275,2.774553647,2.394150257,1.814290771,Mixed
OR4428411896120150812,224,Second,OR4431911871819960726_OR4428411896120150812_1,2015,89.83229065,86.64860579,79.85092163,76.96730635,2.928171158,2.715781479,1.896337867,1.713690265,Mixed
MT4784711358920150812,224,Second,MT4783711353820000813_MT4784711358920150812_1,2015,74.20840454,72.08117055,65.1252594,62.95070063,2.237188816,2.104330167,1.442321897,1.365069144,Mixed
ID4520811624820150812,224,Second,ID4545011614520010805_ID4520811624820150812_1,2015,89.79130554,88.50786212,79.89929199,77.76316802,3.535521746,3.359309464,2.415207863,2.188829092,Low
MT4784711358920150812,224,Second,MT4780811332820030806_MT4784711358920150812_1,2015,74.9431839,73.87742138,63.95904541,63.08348968,2.381373644,2.152205488,1.536800861,1.359726214,High
ID4610011544620150814,226,Second,ID4610111549719910924_ID4610011544620150814_1,2015,85.33870697,82.66706112,76.4437561,74.73804357,3.686525106,3.331447349,2.17091918,2.010516544,Mixed
CA4034312338320150731,211,First,CA4034312338320150731_CA3966012280920200817_1,2015,77.07512665,75.00692473,67.63412476,65.67932077,3.808429718,3.351376909,2.01505518,1.797789983,Low
OR4292412304820150730,211,Second,OR4291712307519870715_OR4292412304820150730_1,2015,78.21022034,76.83441336,71.34597778,69.64883643,3.866108179,3.668788655,2.135511398,1.995518858,Low
CA4049212319820150803,211,Second,CA4048312320019870830_CA4049212319820150803_1,2015,78.62931061,74.6743043,69.31867981,64.30865613,3.907658577,3.682962493,2.149115324,2.058844259,Low
ID4606811540520150815,227,Second,ID4599911526820030715_ID4606811540520150815_1,2015,83.74365234,81.80937341,72.59228516,70.0920105,3.277047157,3.013341325,2.070018053,1.878347064,Mixed
OR4431411958420150629,180,Second,OR4433311962820020713_OR4431411958420150629_1,2015,79.41602325,77.82766935,65.74402618,64.24200781,3.483837605,3.125709748,2.133684397,1.929505936,Low
WA4822612066620150629,180,Second,WA4811112069920060706_WA4822612066620150629_1,2015,70.78305817,69.09605279,62.3585968,60.20099635,2.259169102,2.0572051,1.225713015,1.082435114,Mixed
WA4822612066620150629,180,Second,WA4814412059320070805_WA4822612066620150629_1,2015,79.41524506,74.43116072,72.12828827,66.42446386,3.689309835,2.892885194,2.238581657,1.762248704,Low
CA4068012335620150731,212,Second,CA4065812346619870830_CA4068012335620150731_1,2015,83.68263245,80.49983287,74.6936264,70.94186702,4.48357439,4.171619694,2.364928722,2.202600812,Low
CA4064212358620150731,212,Second,CA4057812346719870830_CA4064212358620150731_1,2015,81.56317902,80.6955985,71.9489212,71.44812844,4.284956455,4.072270392,2.405315399,2.293731947,Low
CA4068012335620150731,212,Second,CA4065412339719870830_CA4068012335620150731_1,2015,83.98597717,82.18814846,74.93075562,72.7607228,4.00943327,3.911228734,2.234675884,2.135705217,Low
CA4091312343720150731,212,Second,CA4083712326320080621_CA4091312343720150731_1,2015,85.42243195,83.55603311,76.89653015,74.91354763,4.075354576,3.511005856,2.308639288,1.898933617,Low
CA4091312343720150731,212,Second,CA4104812343519990823_CA4091312343720150731_1,2015,85.14044189,82.51220238,75.93587494,73.6146158,4.237513065,3.832165206,2.413334608,2.092106224,Low
ID4560811517420150724,205,Second,ID4557911514619880813_ID4560811517420150724_1,2015,65.266716,62.35946104,47.51597977,44.41098203,2.829544306,2.428820399,1.582880378,1.268170333,Low
ID4549311517620150809,221,Second,ID4540111516420000731_ID4549311517620150809_1,2015,73.1187973,69.61401503,56.21669769,52.75644562,2.841529608,2.227891516,1.805819988,1.310823449,High
OR4236212410720150802,214,Second,OR4244112390420020713_OR4236212410720150802_1,2015,79.48103333,76.44344314,71.71690369,67.9268701,3.767136574,3.494386452,1.95584929,1.76561014,Low
OR4458511775220150810,222,Second,OR4454311774919860802_OR4458511775220150810_1,2015,88.10162354,85.90581922,78.07555389,76.41070181,3.256046772,3.191417489,2.022770882,1.969458876,Low
OR4458511775220150810,222,Second,OR4459011778619890726_OR4458511775220150810_1,2015,88.10162354,85.92866159,78.07555389,75.92988912,3.256046772,2.929142381,2.020908594,1.8080247,Low
WA4613412137420150811,222,Second,WA4611412144620080712_WA4613412137420150811_1,2015,82.6657486,80.3243972,72.60803986,69.02408646,2.895435095,2.631448549,1.472720027,1.28980891,Mixed
WA4875611846220150811,223,Second,WA4879411848120010813_WA4875611846220150811_1,2015,78.14639282,76.81200668,70.6827774,68.84248724,2.867736578,2.754065065,1.673416376,1.568062782,Mixed
CA4162312355820160607,159,Second,CA4162512353920010915_CA4162312355820160607_1,2016,68,60.83102869,57.32258224,49.63647982,3,2.445981219,1.725483894,1.336568536,Low
ID4395011576220160718,200,Second,ID4409211552419890726_ID4395011576220160718_1,2016,85,83.23151191,73.38710022,72.23280091,2.569999933,2.446266512,1.799354792,1.673100849,Low
ID4395011576220160718,200,Second,ID4409211552419890726_ID4395011576220160718_2,2016,81,78.80555026,69.5806427,68.10058171,2.529999971,2.467885965,1.700967789,1.674579127,Low
WY4496811035620160813,226,Second,WY4509511033019880815_WY4496811035620160813_1,2016,74,72.85196556,63.67741776,62.28517316,1.970000029,1.804231414,1.404838681,1.258870675,High
OR4440811838320160731,213,Second,OR4434811827719890728_OR4440811838320160731_1,2016,84,82.09543154,74.67742157,73.03034729,2.470000029,2.38159754,1.722903252,1.651809573,Low
OR4440811838320160731,213,Second,OR4428811829120020712_OR4440811838320160731_1,2016,84,82.68382584,74.90322876,73.66927294,2.5599999429999998,2.421283207,1.761290312,1.665713346,Low
WY4474311097820160809,222,Second,WY4470811082119880722_WY4474311097820160809_1,2016,76,65.28816238,68.22580719,58.85642125,1.919999957,1.836604746,1.450967789,1.385708065,High
WY4402111078620160725,207,Second,WY4408111047019880820_WY4402111078620160725_1,2016,73,68.1333441,61.64516068,57.21180381,1.919999957,1.796799364,1.334838748,1.25579025,High
CA4178612347520170812,224,Second,CA4175612352619870830_CA4178612347520170812_1,2017,81,78.31653362,76.45161438,72.57674549,3.839999914,3.644398751,2.517096758,2.240484482,Low
CA4178612347520170812,224,Second,CA4162312361019940722_CA4178612347520170812_1,2017,79,74.32501584,74.19355011,68.91046668,3.779999971,3.230717786,2.319999933,1.95971859,Low
OR4330612262220170812,224,Second,OR4335612252819960813_OR4330612262220170812_1,2017,73,71.08071632,65.29032135,63.25561853,3.50999999,3.415391124,1.873870969,1.793101495,Mixed
CA4143512316220170626,177,Second,CA4136312315119940919_CA4143512316220170626_1,2017,71,70.28178825,59.35483932,58.3834289,3.220000029,2.997162183,1.880322576,1.746139926,Low
CA4143512316220170626,177,Second,CA4141412317720060723_CA4143512316220170626_1,2017,66,65.95941944,54.48387146,53.75442305,2.609999895,2.559253776,1.478387117,1.432891629,Low
CA4143512316220170626,177,Second,CA4134912330820080620_CA4143512316220170626_1,2017,71,64.85681612,59.16128922,52.04741809,3.220000029,2.501918899,1.880322576,1.373771642,Low
OR4229712395420170712,193,Second,OR4244112390420020713_OR4229712395420170712_1,2017,65,56.77203522,62.51612854,51.16219667,2.210000038,1.934162442,1.751290321,1.402604909,Low
ID4624611454720170813,225,Second,ID4624611454319880814_ID4624611454720170813_1,2017,74,71.67881609,65.32257843,64.3922346,1.889999986,1.85467765,1.372258067,1.319551201,Mixed
ID4549011522720170729,210,Second,ID4529711522619860811_ID4549011522720170729_1,2017,73,71.95564046,62.54838562,62.01401652,1.799999952,1.754561853,1.488387108,1.439504635,High
ID4549011522720170729,210,Second,ID4527011497119880711_ID4549011522720170729_1,2017,75,73.69889493,65.90322876,63.73926955,1.929999948,1.77506139,1.586129069,1.45030356,High
ID4549011522720170729,210,Second,ID4540111516420000731_ID4549011522720170729_1,2017,75,70.76389661,65.90322876,60.46339874,2.109999895,1.85917973,1.692580581,1.477350619,High
MT4599511358020170714,195,Second,MT4589911360920000731_MT4599511358020170714_1,2017,64,61.61219986,51.96774292,49.93384439,1.929999948,1.776479162,1.399032235,1.303325348,High
WA4811712037720170831,243,Second,WA4816212046320010812_WA4811712037720170831_1,2017,84,79.51877329,77.38710022,72.48947315,2.539999962,1.968682741,1.590967774,1.148463119,Low
CA4077112312420170831,243,Second,CA4071412316220080621_CA4077112312420170831_1,2017,87,85.04448058,74.54838562,72.37731731,3.779999971,3.616765023,2.653548479,2.462952195,Low
OR4470812185620170724,204,First,OR4470812185620170724_OR4472312167920200817_1,2017,67,65.28653908,53.45161438,49.97125532,2.6500000950000002,2.352259287,1.409354806,1.251613093,Mixed
WA4885512041420170723,204,Second,WA4889812049420020817_WA4885512041420170723_1,2017,68,65.21531871,59.51612854,55.49352439,1.809999943,1.695091288,1.09645164,0.955698121,Mixed
WA4885512041420170723,204,Second,WA4896412045520020817_WA4885512041420170723_1,2017,66,64.11191451,56.67741776,54.99708685,1.700000048,1.650130095,0.946129024,0.931938147,Mixed
WA4885512041420170723,204,Second,WA4897812059620060822_WA4885512041420170723_1,2017,64,60.37030475,55.16128922,51.6397413,1.769999981,1.671656059,0.97096771,0.936642398,Low
MT4795711307120170816,228,Second,MT4797011293420070628_MT4795711307120170816_1,2017,72,69.24605255,62.51612854,58.97849728,1.75,1.721927969,1.051290274,1.041589332,High
MT4795711307120170816,228,Second,MT4797011293420070628_MT4795711307120170816_2,2017,70,67.82476044,58.48387146,56.08522148,1.929999948,1.814837261,1.085161328,1.045934195,High
OR4447912049720170909,252,Second,OR4447912051520000823_OR4447912049720170909_1,2017,85,83.49173926,64.25806427,62.5305576,3.0999999049999998,2.93942012,1.435161233,1.34346509,Low
MT4726811348520170724,205,Second,MT4724011275119880625_MT4726811348520170724_1,2017,73,71.54597132,63.58064651,61.59436597,2.109999895,1.921558711,1.489677429,1.344190187,Low
MT4726811348520170724,205,Second,MT4729411319620000713_MT4726811348520170724_1,2017,74,71.26412936,64.38710022,62.17498289,1.820000052,1.784139654,1.312903285,1.288439982,Mixed
MT4726811348520170724,205,Second,MT4715911312120000728_MT4726811348520170724_1,2017,72,71.44382621,62.74193573,62.08751838,2.089999914,1.937113913,1.482258081,1.370214228,High
MT4726811348520170724,205,Second,MT4732811325720070716_MT4726811348520170724_1,2017,74,71.06779935,64.38710022,62.04613084,1.929999948,1.810207459,1.401612878,1.321512585,High
MT4726811348520170724,205,Second,MT4724611327520010913_MT4726811348520170724_1,2017,75,73.52608161,65.80644989,64.46797528,1.830000043,1.767893862,1.349354863,1.290782431,Mixed
ID4554811595020170801,213,Second,ID4550511588320060816_ID4554811595020170801_1,2017,81,76.93839832,71.51612854,66.64022738,2.470000029,2.105336692,1.96161294,1.654954705,Low
OR4279812231820170725,206,Second,OR4277912225220080816_OR4279812231820170725_1,2017,71,69.03143356,60.16128922,57.34664163,2.75999999,2.488123213,1.554838657,1.414153784,Low
CA4145212338020170811,222,Second,CA4154112338120080722_CA4145212338020170811_1,2017,79,76.46812696,75.32257843,71.52172652,4.28000021,3.760993831,2.721935511,2.26900867,Low
ID4638111450920170710,191,Second,ID4637411451920070718_ID4638111450920170710_1,2017,65,62.60205686,50.41935349,47.62976684,2.079999924,1.944494029,1.449354887,1.331863298,High
CA4198012316420170811,223,Second,CA4189812322019870830_CA4198012316420170811_1,2017,81,75.26102935,73.70967865,67.19942005,3.970000029,3.432771552,2.402903318,1.926800119,Low
OR4400312257520170811,223,Second,OR4399212254720030713_OR4400312257520170811_1,2017,55,53.55151024,47.90322495,46.51162427,2.960000038,2.896826921,1.433548331,1.406448702,High
OR4425712174320170811,223,Second,OR4427112168020060723_OR4425712174320170811_1,2017,72,70.5882785,61.70967865,60.10914719,2.619999886,2.237247223,1.77838707,1.419040171,Mixed
CA3924012311020180727,208,Second,CA3931912270720120707_CA3924012311020180727_1,2018,92,91.13452782,87.74193573,87.06532055,4.3699998859999996,4.047454196,3.362257957,3.027974555,Low
CA3924012311020180727,208,Second,CA3935312277119870901_CA3924012311020180727_1,2018,92,89.35132472,87.12903595,84.34834611,3.9800000190000002,3.509903115,3.022258043,2.614104307,Low
CA3924012311020180727,208,Second,CA3920212274419960811_CA3924012311020180727_1,2018,92,90.53587574,88.03225708,86.23415549,4.349999905,4.069578331,3.267419338,2.959175011,Low
CA3924012311020180727,208,Second,CA3939912270520010808_CA3924012311020180727_1,2018,92,90.04578126,87.35483551,85.31802366,4.329999924,3.518542664,3.22161293,2.610399505,Low
CA3924012311020180727,208,Second,CA3950412282120030903_CA3924012311020180727_1,2018,91,86.41092883,85.54838562,80.82557428,3.5999999049999998,3.574629747,2.64483881,2.633426744,Low
WA4785112054920180728,209,Second,WA4781512037419940724_WA4785112054920180728_1,2018,81,77.87251786,74.96774292,70.81731273,3.200000048,2.669793204,2.098064423,1.679538873,Low
OR4252812357120180715,196,Second,OR4253012367719870831_OR4252812357120180715_1,2018,75,73.43130703,67.32257843,64.33956884,3.069999933,2.873106566,2.148387194,2.002747612,Low
OR4252812357120180715,196,Second,OR4245612363620140913_OR4252812357120180715_1,2018,77,75.39050353,68.61289978,66.39397613,2.99000001,2.876333974,2.133225918,2.037007968,Low
CA4065012263020180723,204,Second,CA4084112245519990823_CA4065012263020180723_1,2018,93,91.83502524,87.35483551,86.75344394,4.800000191,4.664357974,3.438387156,3.365401364,Low
CA4065012263020180723,204,Second,CA4078612244619990823_CA4065012263020180723_1,2018,94,92.14165379,89.35483551,87.22558517,5.269999981,4.629508762,3.727741957,3.357216297,Low
CA4065012263020180723,204,Second,CA4083812250819990908_CA4065012263020180723_1,2018,93,91.74347639,87.32257843,86.38989247,4.610000134,4.186527227,3.310645103,3.027008126,Low
CA4065012263020180723,204,Second,CA4074012270320040814_CA4065012263020180723_1,2018,93,91.63777196,88.22580719,86.01062421,4.78000021,4.099368546,3.372903347,2.963415979,Low
CA4065012263020180723,204,Second,CA4054612266320080621_CA4065012263020180723_1,2018,95,92.01697287,90,86.24381674,5.570000172,3.942150734,3.762258053,2.832072628,Low
CA4065012263020180723,204,Second,CA4069812251020080622_CA4065012263020180723_1,2018,96,93.57938775,91.64516449,88.15152137,5.800000191,4.481360234,3.918709755,3.216310423,Low
OR4282612280720180716,197,Second,OR4277812272720020713_OR4282612280720180716_1,2018,75,71.28269106,65.35483551,60.9849701,2.880000114,2.579116196,2.113548279,1.876996738,Low
OR4237012386020180716,197,Second,OR4244112390420020713_OR4237012386020180716_1,2018,74,71.33281632,66.64516449,63.6156919,3.299999952,2.752183583,2.209354877,1.891918316,Low
OR4237012386020180716,197,Second,OR4244112390420020713_OR4237012386020180716_2,2018,74,67.64109411,65.87096405,57.49149576,3.029999971,2.439844884,2.087096691,1.648734457,Low
OR4237012386020180716,197,Second,OR4244112390420020713_OR4237012386020180716_3,2018,77,73.64697904,68.90322876,65.474874,3.2699999809999998,2.909139438,2.318064451,2.068901389,Low
OR4237012386020180716,197,Second,OR4242312371620100813_OR4237012386020180716_1,2018,77,75.12845195,69.03225708,67.16012885,2.99000001,2.905149131,2.140645266,2.097826225,Low
MT4864311391620180811,223,Second,MT4856111405520030723_MT4864311391620180811_1,2018,71,69.75722431,63.77419281,62.35550439,2.859999895,2.665075125,1.57709682,1.395369588,High
OR4292012329520190725,206,Second,OR4288312327419870830_OR4292012329520190725_1,2019,68,66.91258265,62.19355011,61.41588821,2.619999886,2.521962151,1.914516091,1.83516882,Low
ID4451711501920190710,191,Second,ID4444511516620120727_ID4451711501920190710_1,2019,73,72.20341934,62.64516068,61.878507,1.899999976,1.803893985,1.123548388,1.0595555,Mixed
CA4119412345820200727,209,Second,CA4119312328919870830_CA4119412345820200727_1,2020,76,74.38717871,71.48387146,69.19480483,3.319999933,3.030526547,2.563870907,2.284289797,Low
CA4119412345820200727,209,Second,CA4095112320220060902_CA4119412345820200727_1,2020,71,69.91800045,63.87096786,62.66565753,3.079999924,2.721364212,2.187419415,1.917981946,Low
CA4119412345820200727,209,Second,CA4104812343519990823_CA4119412345820200727_1,2020,74,68.66608399,67.38710022,61.78030202,2.910000086,2.392049657,2.008064508,1.676444148,Low
CA4185812335420200908,252,Second,CA4193012339419870830_CA4185812335420200908_1,2020,93,90.86325584,79.16129303,76.40344417,3.460000038,3.316241682,2.023225784,1.898664338,Low
CA4185812335420200908,252,Second,CA4183412334819870830_CA4185812335420200908_1,2020,90,88.66600029,77.09677124,74.235086570000007,3.5999999049999998,3.457196918,2.129677534,2.018180821,Low
CA4185812335420200908,252,Second,CA4199712363419870830_CA4185812335420200908_1,2020,89,84.52682197,73.16129303,68.75474909,3.470000029,3.077754386,1.960322618,1.801927967,Low
CA4185812335420200908,252,Second,CA4199712363419870830_CA4185812335420200908_2,2020,89,88.06668707,73.5806427,72.50831253,3.470000029,3.388691038,1.960322618,1.90928902,Low
OR4257212055720200908,252,Second,OR4259112058820070315_OR4257212055720200908_1,2020,92,90.61894978,82.06451416,80.82578108,3.160000086,3.004399769,1.841290355,1.763832729,Mixed
OR4333412278820200908,252,Second,OR4334712281020090728_OR4333412278820200908_1,2020,85,81.71725629,68.03225708,64.90763592,2.930000067,2.856260478,1.712580681,1.623325755,Mixed
OR4504912206220200908,252,Second,OR4519612218020140914_OR4504912206220200908_1,2020,59,51.90102196,45.12903214,38.00035934,2.210000038,1.876788748,1.016451597,0.809505167,High
OR4472312167920200817,230,Second,OR4473312173020120804_OR4472312167920200817_1,2020,70,67.87063519,62.12903214,60.20446208,2.569999933,2.31867121,1.43258059,1.253813118,Mixed
CA3966012280920200817,230,Second,CA3986612313320120818_CA3966012280920200817_1,2020,86,83.79937155,78.64516449,76.54925563,3.450000048,3.072313866,2.310322523,2.021595511,Low
CA3966012280920200817,230,Second,CA3986612313320120818_CA3966012280920200817_2,2020,85,83.37834336,78.5806427,76.58753565,3.839999914,3.138727739,2.514193535,2.022269125,Low
CA3966012280920200817,230,Second,CA3954212303919870831_CA3966012280920200817_1,2020,90,83.58515616,84.45161438,78.30466154,3.960000038,3.435881968,2.667096853,2.333232105,Low
CA3966012280920200817,230,Second,CA4009212322519870831_CA3966012280920200817_1,2020,85,83.25265609,78.16129303,76.0768402,3.579999924,3.187844243,2.363548279,2.150195641,Low
CA3966012280920200817,230,Second,CA4040412333919870830_CA3966012280920200817_1,2020,79,76.62238448,69.45161438,67.37027048,3.0999999049999998,2.919636836,2.146451712,2.027916327,Low
CA3966012280920200817,230,Second,CA4018412304519880928_CA3966012280920200817_1,2020,80,76.51931879,73.38710022,68.85598856,2.7699999809999998,2.65844282,1.866129041,1.795211286,Low
CA3966012280920200817,230,Second,CA3979312286719900809_CA3966012280920200817_1,2020,85,82.64501543,79.32257843,77.60024031,3.180000067,3.048565769,2.121290207,2.046618293,Low
CA3966012280920200817,230,Second,CA3963412282820030928_CA3966012280920200817_1,2020,85,83.43044327,79.38710022,77.53260881,2.970000029,2.783541598,2.045483828,1.918752441,Low
OR4472312167920200817,230,Second,OR4451112177120030819_OR4472312167920200817_1,2020,71,64.34300036,63.03225708,55.31211632,2.75,2.140882268,1.553870916,1.165509803,Mixed
CA3966012280920200817,230,Second,CA3966212292720060724_CA3966012280920200817_1,2020,84,82.31474439,78.96774292,77.36700985,3.140000105,2.906481046,2.081290245,1.940994067,Low
OR4472312167920200817,230,Second,OR4468212159620070712_OR4472312167920200817_1,2020,70,68.71340655,62.12903214,60.38078567,2.619999886,2.429296832,1.476774216,1.350776269,Mixed
CA3966012280920200817,230,Second,CA4009612297920080621_CA3966012280920200817_1,2020,84,81.58053897,78.67742157,75.16230025,3.049999952,2.5611977,2.153548479,1.754789006,Low
CA3966012280920200817,230,Second,CA4018512311920080621_CA3966012280920200817_1,2020,80,75.01679956,71.83870697,67.35465899,2.829999924,2.767081925,1.889677405,1.870531506,Low
CA3966012280920200817,230,Second,CA4034312338320150731_CA3966012280920200817_1,2020,79,76.27211741,69.45161438,67.35080082,3.0999999049999998,2.771118107,2.14451623,1.922020334,Low
OR4472312167920200817,230,Second,OR4470812185620170724_OR4472312167920200817_1,2020,58,57.1653204,49.32258224,48.49053224,2.609999895,2.316456736,1.179677486,1.052846661,Mixed
ID4524811543720200826,239,Second,ID4521611552119940811_ID4524811543720200826_1,2020,72,65.14893676,65.09677124,58.7470731,2.869999886,1.976305809,1.832903266,1.241309915,Mixed
ID4478611547620200826,239,Second,ID4475011554820070717_ID4478611547620200826_1,2020,76,71.80357796,71,66.04084948,2.039999962,1.880467667,1.353225827,1.22382617,Mixed
