Fire_ID,Ig_Day,Order,Reburn_Polygon_ID,Year,gm_Date,eddi30d,spei30d,FRG_max4
CA4192312065019840813,226,First,CA4192312065019840813_OR4211012080120120806_1,1984,1984-245,-0.342584635,1.034629124,Mixed
ID4537211447019850720,201,First,ID4537211447019850720_ID4542411459020120730_1,1985,1985-220,-0.229662824,0.604636176,Low
MT4755711337219850629,180,First,MT4755711337219850629_MT4760011331820030718_1,1985,1985-195,2.089999914,-2.089999914,High
ID4543311548219850715,196,First,ID4543311548219850715_ID4554811559420070713_1,1985,1985-215,0.367370391,0.402817201,Low
ID4512611554919850708,189,First,ID4512611554919850708_ID4521611552119940811_1,1985,1985-205,1.438723254,-1.690000057,Mixed
ID4540311601419850717,198,First,ID4540311601419850717_ID4520811624820150812_1,1985,1985-215,0.371995017,0.328148247,Low
ID4540311601419850717,198,First,ID4540311601419850717_ID4520811624820150812_2,1985,1985-215,0.344489876,0.350670375,Low
CA4080812321419850726,207,First,CA4080812321419850726_CA4095112320220060902_1,1985,1985-225,0.642498168,-0.52182294,Low
ID4543811494219860812,224,First,ID4543811494219860812_ID4543911498720050801_1,1986,1986-240,0.170000002,-0.113531341,Low
ID4543811494219860812,224,First,ID4543811494219860812_ID4537411488820070616_1,1986,1986-240,0.170000002,-0.071078351,Low
OR4558711675719860812,224,First,OR4558711675719860812_OR4561911679520010814_1,1986,1986-240,1.00999999,-0.591772621,Low
OR4454311774919860802,214,First,OR4454311774919860802_OR4458511775220150810_1,1986,1986-230,0.800000012,-1.257721677,Low
ID4529711522619860811,223,First,ID4529711522619860811_ID4524911525120050807_1,1986,1986-240,0.074216707,-0.064116616,Mixed
ID4529711522619860811,223,First,ID4529711522619860811_ID4549011522720170729_1,1986,1986-240,0.001902967,-9.61e-4,High
ID4535711661519860811,223,First,ID4535711661519860811_ID4539911656820050806_1,1986,1986-240,0.838462952,-0.62875126,Low
ID4536811556319870912,255,First,ID4536811556319870912_ID4510511570820070706_1,1987,1987-270,0.933435903,-1.10116678,Mixed
ID4448411541019870804,216,First,ID4448411541019870804_ID4451811531020060807_1,1987,1987-235,-0.033012462,0.011551077,High
ID4448411541019870804,216,First,ID4448411541019870804_ID4475011554820070717_1,1987,1987-235,-0.080403871,0.029999999,High
CA4189812322019870830,242,First,CA4189812322019870830_CA4188812325320120805_1,1987,1987-260,0.668122115,-0.749669272,Low
OR4259412369419870830,242,First,OR4259412369419870830_OR4261412376020130726_1,1987,1987-260,0.982834697,-1.100356079,Low
OR4288312327419870830,242,First,OR4288312327419870830_OR4292012329520190725_1,1987,1987-260,1.143234818,-1.293766013,Low
CA4175612352619870830,242,First,CA4175612352619870830_CA4178612347520170812_1,1987,1987-260,0.52722735,-0.677124138,Low
CA4141212331619870830,242,First,CA4141212331619870830_CA4142612330620060724_1,1987,1987-260,0.121432985,-0.659520389,Low
CA4141212331619870830,242,First,CA4141212331619870830_CA4134912330820080620_1,1987,1987-260,0.070864629,-0.545131747,Low
CA4141212331619870830,242,First,CA4141212331619870830_CA4130012313520130731_1,1987,1987-260,0.092135103,-0.321273544,Low
CA4119312328919870830,242,First,CA4119312328919870830_CA4119412345820200727_1,1987,1987-260,-0.170290305,-0.076988516,Low
CA4189812322019870830,242,First,CA4189812322019870830_CA4198012316420170811_1,1987,1987-260,0.709999979,-0.750537443,Low
CA4165612314419870830,242,First,CA4165612314419870830_CA4179612337420140814_1,1987,1987-260,0.652274922,-0.720811754,Low
CA4175812328419870830,242,First,CA4175812328419870830_CA4179612337420140814_1,1987,1987-260,0.709603981,-0.832354767,Low
CA4193012339419870830,242,First,CA4193012339419870830_CA4185812335420200908_1,1987,1987-260,0.690892591,-0.730551888,Low
CA4183412334819870830,242,First,CA4183412334819870830_CA4185812335420200908_1,1987,1987-260,0.694867514,-0.709999979,Low
CA4163812338919870830,242,First,CA4163812338919870830_CA4160912335520060723_1,1987,1987-260,0.709974679,-0.710004914,Low
CA4163812338919870830,242,First,CA4163812338919870830_CA4168112341420070710_1,1987,1987-260,0.613994502,-0.70145821,Low
CA4163812338919870830,242,First,CA4163812338919870830_CA4154112338120080722_1,1987,1987-260,0.466910497,-0.688124624,Low
CA4163812338919870830,242,First,CA4163812338919870830_CA4154112338120080722_2,1987,1987-260,0.709999979,-0.777989523,Low
CA4163812338919870830,242,First,CA4163812338919870830_CA4179612337420140814_1,1987,1987-260,0.709999979,-0.735867367,Low
CA4048312320019870830,242,First,CA4048312320019870830_CA4049212319820150803_1,1987,1987-260,-0.029111959,-0.123178376,Low
CA4052712339819870830,242,First,CA4052712339819870830_CA4049512341220080620_1,1987,1987-260,0.061765358,-0.364486582,Low
CA4065812346619870830,242,First,CA4065812346619870830_CA4068012335620150731_1,1987,1987-260,0.126964716,-0.269516696,Low
CA4057812346719870830,242,First,CA4057812346719870830_CA4064212358620150731_1,1987,1987-260,0.046135391,-0.218453534,Low
CA4065412339719870830,242,First,CA4065412339719870830_CA4068012335620150731_1,1987,1987-260,0.05055502,-0.270148819,Low
CA4040412333919870830,242,First,CA4040412333919870830_CA3966012280920200817_1,1987,1987-260,0.054335016,-0.387759337,Low
CA4044812339819870830,242,First,CA4044812339819870830_CA4049512341220080620_1,1987,1987-260,0.099045306,-0.389528674,Low
CA4105412315719870830,242,First,CA4105412315719870830_CA4095112320220060902_1,1987,1987-260,-0.020279447,-0.001337567,Low
CA4199712363419870830,242,First,CA4199712363419870830_CA4185812335420200908_1,1987,1987-260,0.469999999,-0.746822109,Low
CA4199712363419870830,242,First,CA4199712363419870830_CA4185812335420200908_2,1987,1987-260,0.547916297,-0.761208405,Low
OR4236212395219870830,242,First,OR4236212395219870830_OR4244112390420020713_1,1987,1987-260,0.978315941,-1.471855714,Low
OR4328212264819870830,242,First,OR4328212264819870830_OR4328712265220020816_1,1987,1987-260,1.690000057,-1.635216364,Mixed
OR4493411861819870815,227,First,OR4493411861819870815_OR4492211866720090801_1,1987,1987-245,0.207891709,-0.460000008,Low
CA3954212303919870831,243,First,CA3954212303919870831_CA3966012280920200817_1,1987,1987-260,-0.157310073,0.135574785,Low
CA4009212322519870831,243,First,CA4009212322519870831_CA3966012280920200817_1,1987,1987-260,0.050326093,-0.299850191,Low
OR4253012367719870831,243,First,OR4253012367719870831_OR4252812357120180715_1,1987,1987-260,1.010000199,-1.26553097,Low
OR4291712307519870715,196,First,OR4291712307519870715_OR4294312309320040820_1,1987,1987-215,-1.279999971,2.089999914,Low
OR4291712307519870715,196,First,OR4291712307519870715_OR4292412304820150730_1,1987,1987-215,-1.279999971,2.089999914,Low
CA4174812318019870901,244,First,CA4174812318019870901_CA4179612337420140814_1,1987,1987-260,0.699809129,-0.858179669,Low
CA3935312277119870901,244,First,CA3935312277119870901_CA3924012311020180727_1,1987,1987-260,-0.196389433,0.139869589,Low
OR4457412175119870901,244,First,OR4457412175119870901_OR4451112177120030819_1,1987,1987-260,1.157361224,-1.242439098,Mixed
ID4554211520319880906,250,First,ID4554211520319880906_ID4555111522320030809_1,1988,1988-265,1.00663029,-1.612829433,Mixed
ID4612911474719880811,224,First,ID4612911474719880811_ID4610311477420070724_1,1988,1988-240,1.102628982,-1.129999995,Mixed
CA4018412304519880928,272,First,CA4018412304519880928_CA3966012280920200817_1,1988,1988-290,0.017750854,0.228220652,Low
MT4724011275119880625,177,First,MT4724011275119880625_MT4721611299020070715_1,1988,1988-195,1.184034547,-0.531427409,High
MT4724011275119880625,177,First,MT4724011275119880625_MT4726811348520170724_1,1988,1988-195,1.116403926,-0.510906669,Low
ID4538711500819880625,177,First,ID4538711500819880625_ID4540111516420000731_1,1988,1988-195,0.793049253,-0.042027293,Low
ID4538711500819880625,177,First,ID4538711500819880625_ID4537411488820070616_1,1988,1988-195,0.797893089,-0.056958155,Low
MT4781311293519880711,193,First,MT4781311293519880711_MT4775511289820010929_1,1988,1988-210,0.785745144,-0.540000021,High
MT4781311293519880711,193,First,MT4781311293519880711_MT4780411300920130718_1,1988,1988-210,0.800000012,-0.531839039,High
ID4527011497119880711,193,First,ID4527011497119880711_ID4537411488820070616_1,1988,1988-210,0.133499271,-0.576861445,Low
ID4527011497119880711,193,First,ID4527011497119880711_ID4549011522720170729_1,1988,1988-210,0.192090038,-0.536165814,High
WY4408111047019880820,233,First,WY4408111047019880820_WY4402111078620160725_1,1988,1988-250,2.089999914,-2.089999914,High
ID4557911514619880813,226,First,ID4557911514619880813_ID4551811500220000731_1,1988,1988-245,0.683681271,-0.791883401,Low
ID4557911514619880813,226,First,ID4557911514619880813_ID4558311517420140803_1,1988,1988-245,0.703753063,-0.879166727,Low
ID4557911514619880813,226,First,ID4557911514619880813_ID4560811517420150724_1,1988,1988-245,0.743239968,-0.909052478,Low
ID4557911514619880813,226,First,ID4557911514619880813_ID4555111522320030809_1,1988,1988-245,0.709676434,-0.959253889,Low
ID4624611454319880814,227,First,ID4624611454319880814_ID4631911465120120808_1,1988,1988-245,0.961812757,-1.279999971,Mixed
ID4624611454319880814,227,First,ID4624611454319880814_ID4624611454720170813_1,1988,1988-245,0.899999976,-1.22347347,Mixed
WY4470811082119880722,204,First,WY4470811082119880722_WY4474311097820160809_1,1988,1988-220,1.973528385,-2.089999914,High
WY4509511033019880815,228,First,WY4509511033019880815_WY4496811035620160813_1,1988,1988-245,2.029046251,-2.089999914,High
ID4565911500219880824,237,First,ID4565911500219880824_ID4569811508120120809_1,1988,1988-255,2.014211447,-1.450000048,Mixed
ID4519911475819880824,237,First,ID4519911475819880824_ID4523011471220050806_1,1988,1988-255,1.450000048,-1.403415295,Low
ID4519911475819880824,237,First,ID4519911475819880824_ID4513411480420060707_1,1988,1988-255,1.607195193,-1.483190843,Low
ID4519911475819880824,237,First,ID4519911475819880824_ID4529711473720070730_1,1988,1988-255,1.428028318,-1.416406807,Low
ID4519911475819880824,237,First,ID4519911475819880824_ID4520011474120130708_1,1988,1988-255,1.542705049,-1.504060751,Low
ID4538311527919890728,209,First,ID4538311527919890728_ID4540111516420000731_1,1989,1989-225,0.405302707,0.140036255,High
OR4434811827719890728,209,First,OR4434811827719890728_OR4440811838320160731_1,1989,1989-225,-0.344530269,0.427271769,Low
ID4409211552419890726,207,First,ID4409211552419890726_ID4395011576220160718_1,1989,1989-225,0.65444114900000006,-0.525692517,Low
ID4409211552419890726,207,First,ID4409211552419890726_ID4395011576220160718_2,1989,1989-225,0.886939665,-0.828580241,Low
ID4484911541919890726,207,First,ID4484911541919890726_ID4475011554820070717_1,1989,1989-225,0.800000012,-0.537980556,High
ID4475711573919890726,207,First,ID4475711573919890726_ID4475011554820070717_1,1989,1989-225,0.944600194,-0.709999979,Low
ID4462411561619890726,207,First,ID4462411561619890726_ID4475011554820070717_1,1989,1989-225,0.770982051,-0.234761241,High
ID4518411570919890726,207,First,ID4518411570919890726_ID4510511570820070706_1,1989,1989-225,0.86079598,-0.671450232,High
ID4538311615519890726,207,First,ID4538311615519890726_ID4520811624820150812_1,1989,1989-225,0.428478825,0.089076419,Low
OR4459011778619890726,207,First,OR4459011778619890726_OR4458511775220150810_1,1989,1989-225,-0.176309875,0.506353163,Low
MT4557410993319901005,278,First,MT4557410993319901005_MT4559210981020060822_1,1990,1990-295,0.119999508,0.380040671,Mixed
ID4552311499419900707,188,First,ID4552311499419900707_ID4551811500220000731_1,1990,1990-205,0.481811274,-0.431161432,Low
CA3979312286719900809,221,First,CA3979312286719900809_CA3966012280920200817_1,1990,1990-240,-0.812147013,0.956647082,Low
ID4610111549719910924,267,First,ID4610111549719910924_ID4610011544620150814_1,1991,1991-285,1.672513865,-1.672513865,Mixed
MT4525511054919910716,197,First,MT4525511054919910716_MT4526911048420070808_1,1991,1991-215,1.284594529,-1.418446073,High
ID4549611561419920820,233,First,ID4549611561419920820_ID4554811559420070713_1,1992,1992-250,-0.446077219,0.038060183,Low
ID4546711572619920818,231,First,ID4546711572619920818_ID4554811559420070713_1,1992,1992-250,-0.423587861,0.093230511,Low
CA4136312315119940919,262,First,CA4136312315119940919_CA4143512316220170626_1,1994,1994-280,0.174631779,-0.195416184,Low
MT4871911410119940812,224,First,MT4871911410119940812_MT4865211410120010816_1,1994,1994-240,0.569417669,-0.731232146,High
MT4871911410119940812,224,First,MT4871911410119940812_MT4870811400920030716_1,1994,1994-240,0.35865763,-0.739444572,High
CA4162312361019940722,203,First,CA4162312361019940722_CA4161412365820080621_1,1994,1994-220,1.534519167,-1.737177252,Low
CA4162312361019940722,203,First,CA4162312361019940722_CA4178612347520170812_1,1994,1994-220,1.399129481,-1.777374169,Low
ID4479711558919940808,220,First,ID4479711558919940808_ID4475011554820070717_1,1994,1994-235,1.54983698,-1.450000048,Mixed
WA4781512037419940724,205,First,WA4781512037419940724_WA4785112054920180728_1,1994,1994-220,1.397376481,-1.44254382,Low
ID4640811494519940802,214,First,ID4640811494519940802_ID4639911493920120808_1,1994,1994-230,0.824523245,-0.737816207,High
ID4515511602719940802,214,First,ID4515511602719940802_ID4510511570820070706_1,1994,1994-230,1.690000057,-1.278438018,High
ID4515511602719940802,214,First,ID4515511602719940802_ID4520811624820150812_1,1994,1994-230,1.630950852,-1.117705216,Mixed
ID4521611552119940811,223,First,ID4521611552119940811_ID4510511570820070706_1,1994,1994-240,1.419362461,-1.25337891,Low
ID4521611552119940811,223,First,ID4521611552119940811_ID4510511570820070706_2,1994,1994-240,1.165846946,-0.853052558,Low
ID4521611552119940811,223,First,ID4521611552119940811_ID4510511570820070706_3,1994,1994-240,1.08071912,-0.900851239,High
ID4521611552119940811,223,First,ID4521611552119940811_ID4524811543720200826_1,1994,1994-240,0.967771322,-0.881569504,Mixed
ID4521611552119940811,223,Second,ID4512611554919850708_ID4521611552119940811_1,1994,1994-240,1.247948813,-1.144877484,Mixed
ID4570711463219960704,186,First,ID4570711463219960704_MT4565711478020130716_1,1996,1996-205,0.029182719,-0.540000021,Low
OR4431911871819960726,208,First,OR4431911871819960726_OR4428411896120150812_1,1996,1996-225,-0.307612392,-0.16933691,Mixed
CA3920212274419960811,224,First,CA3920212274419960811_CA3924012311020180727_1,1996,1996-240,1.081662978,-1.084686245,Low
OR4335612252819960813,226,First,OR4335612252819960813_OR4334712249520080817_1,1996,1996-245,0.486562475,-0.365163197,Mixed
OR4335612252819960813,226,First,OR4335612252819960813_OR4330612262220170812_1,1996,1996-245,0.478289472,-0.443251689,Mixed
ID4546611650219960814,227,First,ID4546611650219960814_ID4539911656820050806_1,1996,1996-245,-0.308390006,-0.064418673,Low
ID4557011468119960723,205,First,ID4557011468119960723_ID4542411459020120730_1,1996,1996-220,-0.336055877,-0.035806329,Low
OR4487312131019960810,223,First,OR4487312131019960810_OR4504212118420100818_1,1996,1996-240,0.772691367,-0.770061693,Low
ID4541611481219980807,219,First,ID4541611481219980807_ID4542411459020120730_1,1998,1998-235,0.029999999,0.134035842,Low
ID4446211511519980823,235,First,ID4446211511519980823_ID4444511516620120727_1,1998,1998-250,0.186038965,-0.188126315,High
ID4536811434319980816,228,First,ID4536811434319980816_ID4542411459020120730_1,1998,1998-245,0.922112888,-1.153186624,Low
CA4083812250819990908,251,First,CA4083812250819990908_CA4065012263020180723_1,1999,1999-270,0.610123152,-0.446000326,Low
MT4566410972219991216,350,First,MT4566410972219991216_MT4559210981020060822_1,1999,1999-365,1.450000048,-1.678669048,High
CA4084112245519990823,235,First,CA4084112245519990823_CA4065012263020180723_1,1999,1999-250,-1.017398086,0.775325696,Low
CA4078612244619990823,235,First,CA4078612244619990823_CA4065012263020180723_1,1999,1999-250,-1.098380814,0.791198603,Low
CA4104812343519990823,235,First,CA4104812343519990823_CA4107312329420080621_1,1999,1999-250,-1.081752364,1.108444264,Low
CA4104812343519990823,235,First,CA4104812343519990823_CA4107012343620090702_1,1999,1999-250,-1.033675703,0.943991753,Low
CA4104812343519990823,235,First,CA4104812343519990823_CA4103512348820130810_1,1999,1999-250,-0.937644703,0.814551296,Low
CA4104812343519990823,235,First,CA4104812343519990823_CA4091312343720150731_1,1999,1999-250,-1.077175066,0.837764929,Low
CA4104812343519990823,235,First,CA4104812343519990823_CA4119412345820200727_1,1999,1999-250,-1.036012268,0.937192201,Low
ID4537911512519990802,214,First,ID4537911512519990802_ID4540111516420000731_1,1999,1999-230,-0.310928747,0.350129339,Low
ID4519911434120000710,192,First,ID4519911434120000710_ID4528611446020070713_1,2000,2000-210,0.715286995,-0.817177799,Low
OR4447912051520000823,236,First,OR4447912051520000823_OR4447912049720170909_1,2000,2000-255,-0.652545227,0.69866328,Low
MT4767311333220000726,208,First,MT4767311333220000726_MT4767511333320130811_1,2000,2000-225,0.899999976,-1.223387838,Low
MT4715911312120000728,210,First,MT4715911312120000728_MT4726811348520170724_1,2000,2000-225,0.976186819,-1.387220087,High
ID4546711474120000805,218,First,ID4546711474120000805_ID4542411459020120730_1,2000,2000-235,2.000137063,-1.719822254,Low
MT4783711353820000813,226,First,MT4783711353820000813_MT4784711358920150812_1,2000,2000-245,0.709999979,-1.140222121,Mixed
MT4729411319620000713,195,First,MT4729411319620000713_MT4726811348520170724_1,2000,2000-210,0.126743255,-0.494851529,Mixed
ID4537511565420000714,196,First,ID4537511565420000714_ID4510511570820070706_1,2000,2000-215,0.506775868,-0.901037141,Mixed
ID4567911483420000730,212,First,ID4567911483420000730_MT4565711478020130716_1,2000,2000-230,2.08890262,-1.679457897,Low
MT4620711124920000815,228,First,MT4620711124920000815_MT4617911126920120910_1,2000,2000-245,1.172643091,-1.066759438,Low
ID4557311483220000731,213,First,ID4557311483220000731_ID4542411459020120730_1,2000,2000-230,1.842735014,-1.438562744,Mixed
ID4551811500220000731,213,First,ID4551811500220000731_ID4542411459020120730_1,2000,2000-230,2.029973816,-1.652194111,Low
ID4546811459920000731,213,First,ID4546811459920000731_ID4542411459020120730_1,2000,2000-230,2.089999914,-1.450000048,Low
MT4589911360920000731,213,First,MT4589911360920000731_MT4599511358020170714_1,2000,2000-230,1.279999971,-1.448226489,High
ID4540111516420000731,213,First,ID4540111516420000731_ID4549311517620150809_1,2000,2000-230,1.724038644,-1.674297801,High
ID4540111516420000731,213,First,ID4540111516420000731_ID4549011522720170729_1,2000,2000-230,2.021225975,-1.93567234,High
ID4551811500220000731,213,Second,ID4557911514619880813_ID4551811500220000731_1,2000,2000-230,1.958923015,-1.806474761,Low
ID4540111516420000731,213,Second,ID4538711500819880625_ID4540111516420000731_1,2000,2000-230,2.073645195,-1.867682201,Low
ID4540111516420000731,213,Second,ID4538311527919890728_ID4540111516420000731_1,2000,2000-230,2.089999914,-2.089999914,High
ID4551811500220000731,213,Second,ID4552311499419900707_ID4551811500220000731_1,2000,2000-230,2.089999914,-1.713666893,Low
ID4540111516420000731,213,Second,ID4537911512519990802_ID4540111516420000731_1,2000,2000-230,2.089999914,-1.865996591,Low
ID4550511424720000817,230,First,ID4550511424720000817_ID4542411459020120730_1,2000,2000-245,0.882023761,-0.51854937,Mixed
CA4162512353920010915,258,First,CA4162512353920010915_CA4162312355820160607_1,2001,2001-275,0.894948076,-0.091340685,Low
WA4822012015920010709,190,First,WA4822012015920010709_WA4821112010220140714_1,2001,2001-205,-0.541839388,0.758033172,Low
WA4816212046320010812,224,First,WA4816212046320010812_WA4811712037720170831_1,2001,2001-240,-0.617274355,0.047931069,Low
MT4724611327520010913,256,First,MT4724611327520010913_MT4726811348520170724_1,2001,2001-275,1.129999995,-1.402190029,Mixed
MT4775511289820010929,272,Second,MT4781311293519880711_MT4775511289820010929_1,2001,2001-290,1.029006475,-1.092623651,High
ID4545011614520010805,217,First,ID4545011614520010805_ID4520811624820150812_1,2001,2001-235,0.170000002,-0.411529619,Low
WA4879411848120010813,225,First,WA4879411848120010813_WA4875611846220150811_1,2001,2001-240,0.343732898,-0.2236568,Mixed
OR4561911679520010814,226,Second,OR4558711675719860812_OR4561911679520010814_1,2001,2001-245,1.450000048,-1.46128199,Low
CA3939912270520010808,220,First,CA3939912270520010808_CA3924012311020180727_1,2001,2001-235,-0.353451212,0.237175551,Low
MT4865211410120010816,228,Second,MT4871911410119940812_MT4865211410120010816_1,2001,2001-245,1.152233339,-1.640742257,High
ID4544311453220020804,216,First,ID4544311453220020804_ID4542411459020120730_1,2002,2002-235,-0.630988352,-0.082664969,Mixed
OR4428811829120020712,193,First,OR4428811829120020712_OR4440811838320160731_1,2002,2002-210,2.009808616,-1.275079877,Low
OR4433311962820020713,194,First,OR4433311962820020713_OR4431411958420150629_1,2002,2002-210,1.898142364,-1.895783798,Low
OR4277812272720020713,194,First,OR4277812272720020713_OR4282612280720180716_1,2002,2002-210,1.014607179,-0.91359779,Low
OR4244112390420020713,194,First,OR4244112390420020713_OR4210312387320150611_1,2002,2002-210,1.450000048,-1.43760894,Low
OR4244112390420020713,194,First,OR4244112390420020713_OR4236212410720150802_1,2002,2002-210,1.360294987,-1.389374343,Low
OR4244112390420020713,194,First,OR4244112390420020713_OR4229712395420170712_1,2002,2002-210,1.378543152,-1.419691894,Low
OR4244112390420020713,194,First,OR4244112390420020713_OR4237012386020180716_1,2002,2002-210,1.359913619,-1.374904222,Low
OR4244112390420020713,194,First,OR4244112390420020713_OR4237012386020180716_2,2002,2002-210,1.12215988,-1.243790106,Low
OR4244112390420020713,194,First,OR4244112390420020713_OR4237012386020180716_3,2002,2002-210,1.090985541,-1.220576755,Low
OR4244112390420020713,194,Second,OR4236212395219870830_OR4244112390420020713_1,2002,2002-210,1.134128504,-1.272011638,Low
OR4328712265220020816,228,Second,OR4328212264819870830_OR4328712265220020816_1,2002,2002-245,0.881991114,-0.881991114,Mixed
WA4889812049420020817,229,First,WA4889812049420020817_WA4885512041420170723_1,2002,2002-245,0.670228135,-0.778769989,Mixed
WA4896412045520020817,229,First,WA4896412045520020817_WA4885512041420170723_1,2002,2002-245,0.709999979,-0.967452111,Mixed
CA3950412282120030903,246,First,CA3950412282120030903_CA3924012311020180727_1,2003,2003-265,1.272091497,-0.963052277,Low
CA3963412282820030928,271,First,CA3963412282820030928_CA3966012280920200817_1,2003,2003-290,1.327480835,-1.279999971,Low
ID4604911480020030821,233,First,ID4604911480020030821_ID4606011473320120728_1,2003,2003-250,1.690000057,-1.037625873,Low
OR4399212254720030713,194,First,OR4399212254720030713_OR4400312257520170811_1,2003,2003-210,1.81638379,-1.81638379,High
MT4780811332820030806,218,First,MT4780811332820030806_MT4784711358920150812_1,2003,2003-235,1.279999971,-0.948320868,High
ID4599911526820030715,196,First,ID4599911526820030715_ID4606811540520150815_1,2003,2003-215,1.690000057,-1.105538807,Mixed
MT4856111405520030723,204,First,MT4856111405520030723_MT4864311391620180811_1,2003,2003-220,1.690000057,-2.089999914,High
MT4870811400920030716,197,Second,MT4871911410119940812_MT4870811400920030716_1,2003,2003-215,1.690000057,-2.089999914,High
ID4555111522320030809,221,Second,ID4557911514619880813_ID4555111522320030809_1,2003,2003-240,1.271983521,0.243826618,Low
ID4555111522320030809,221,Second,ID4554211520319880906_ID4555111522320030809_1,2003,2003-240,1.283199583,0.237855641,Mixed
MT4760011331820030718,199,Second,MT4755711337219850629_MT4760011331820030718_1,2003,2003-215,1.450000048,-1.387585345,High
OR4451112177120030819,231,First,OR4451112177120030819_OR4472312167920200817_1,2003,2003-250,1.294638458,-0.53792229,Mixed
OR4451112177120030819,231,Second,OR4457412175119870901_OR4451112177120030819_1,2003,2003-250,1.40736586,-0.52668849,Mixed
OR4294312309320040820,233,Second,OR4291712307519870715_OR4294312309320040820_1,2004,2004-250,0.114944551,0.513325269,Low
CA4074012270320040814,227,First,CA4074012270320040814_CA4065012263020180723_1,2004,2004-245,0.28065421,-0.361363668,Low
ID4539911656820050806,218,Second,ID4535711661519860811_ID4539911656820050806_1,2005,2005-235,1.129999995,-1.279999971,Low
ID4523011471220050806,218,Second,ID4519911475819880824_ID4523011471220050806_1,2005,2005-235,1.091548774,-1.065877229,Low
ID4539911656820050806,218,Second,ID4546611650219960814_ID4539911656820050806_1,2005,2005-235,1.187985809,-1.322395978,Low
ID4524911525120050807,219,Second,ID4529711522619860811_ID4524911525120050807_1,2005,2005-235,1.473737092,-1.23392751,Mixed
ID4570211495320050808,220,First,ID4570211495320050808_ID4569811508120120809_1,2005,2005-235,1.449934111,-1.130058175,High
ID4550011471520050801,213,First,ID4550011471520050801_ID4542411459020120730_1,2005,2005-230,1.126077637,-0.947243232,Mixed
ID4543911498720050801,213,Second,ID4543811494219860812_ID4543911498720050801_1,2005,2005-230,1.690000057,-1.151719249,Low
OR4431412180120060805,217,First,OR4431412180120060805_OR4435412173920070830_1,2006,2006-235,0.433159636,-0.390109874,Mixed
ID4495511537120060806,218,First,ID4495511537120060806_ID4475011554820070717_1,2006,2006-235,0.390288374,-0.710202515,High
WA4897812059620060822,234,First,WA4897812059620060822_WA4885512041420170723_1,2006,2006-250,1.964845593,-1.553605177,Low
MT4559210981020060822,234,Second,MT4557410993319901005_MT4559210981020060822_1,2006,2006-250,0.380895724,-0.563902815,Mixed
MT4559210981020060822,234,Second,MT4566410972219991216_MT4559210981020060822_1,2006,2006-250,0.295500608,-0.408676417,High
WA4811112069920060706,187,First,WA4811112069920060706_WA4822612066620150629_1,2006,2006-205,1.279999971,-1.35086725,Mixed
ID4451811531020060807,219,Second,ID4448411541019870804_ID4451811531020060807_1,2006,2006-235,0.625616389,-0.570834425,High
ID4513411480420060707,188,Second,ID4519911475819880824_ID4513411480420060707_1,2006,2006-205,1.459644129,-1.200418516,Low
CA4141412317720060723,204,First,CA4141412317720060723_CA4143512316220170626_1,2006,2006-220,0.031396204,-0.032792014,Low
OR4427112168020060723,204,First,OR4427112168020060723_OR4425712174320170811_1,2006,2006-220,0.6704521,-0.605805747,Mixed
CA4160912335520060723,204,Second,CA4163812338919870830_CA4160912335520060723_1,2006,2006-220,0.330687132,0.08752643,Low
ID4550511588320060816,228,First,ID4550511588320060816_ID4554811595020170801_1,2006,2006-245,0.026504644,-0.072275777,Low
CA3966212292720060724,205,First,CA3966212292720060724_CA3966012280920200817_1,2006,2006-220,1.375640047,-1.346631949,Low
CA4142612330620060724,205,Second,CA4141212331619870830_CA4142612330620060724_1,2006,2006-220,0.069525815,0.119084481,Low
CA4095112320220060902,245,First,CA4095112320220060902_CA4119412345820200727_1,2006,2006-260,0.808888864,-0.884000237,Low
CA4095112320220060902,245,Second,CA4080812321419850726_CA4095112320220060902_1,2006,2006-260,0.338404036,-0.516503789,Low
CA4095112320220060902,245,Second,CA4105412315719870830_CA4095112320220060902_1,2006,2006-260,0.874371828,-0.956922451,Low
OR4259112058820070315,74,First,OR4259112058820070315_OR4257212055720200908_1,2007,2007-090,1.643913612,-1.131825764,Mixed
OR4468212159620070712,193,First,OR4468212159620070712_OR4472312167920200817_1,2007,2007-210,-9.39e-4,0.200121045,Mixed
WA4814412059320070805,217,First,WA4814412059320070805_WA4822612066620150629_1,2007,2007-235,-0.596804149,0.243832015,Low
ID4554811559420070713,194,Second,ID4543311548219850715_ID4554811559420070713_1,2007,2007-210,1.174182015,-1.070750266,Low
ID4554811559420070713,194,Second,ID4546711572619920818_ID4554811559420070713_1,2007,2007-210,1.589473389,-1.389099972,Low
ID4554811559420070713,194,Second,ID4549611561419920820_ID4554811559420070713_1,2007,2007-210,1.729551399,-1.327830238,Low
ID4528611446020070713,194,Second,ID4519911434120000710_ID4528611446020070713_1,2007,2007-210,1.143663614,-0.894292894,Low
OR4435412173920070830,242,Second,OR4431412180120060805_OR4435412173920070830_1,2007,2007-260,0.022516102,0.363118048,Mixed
MT4797011293420070628,179,First,MT4797011293420070628_MT4795711307120170816_1,2007,2007-195,1.599190425,-1.28017405,High
MT4797011293420070628,179,First,MT4797011293420070628_MT4795711307120170816_2,2007,2007-195,1.690000057,-1.279999971,High
ID4568011472320070706,187,First,ID4568011472320070706_ID4542411459020120730_1,2007,2007-205,1.782589052,-1.450000048,Mixed
ID4568011472320070706,187,First,ID4568011472320070706_ID4542411459020120730_2,2007,2007-205,1.813291673,-1.450000048,Mixed
ID4510511570820070706,187,Second,ID4536811556319870912_ID4510511570820070706_1,2007,2007-205,1.783788882,-1.690000057,Mixed
ID4510511570820070706,187,Second,ID4518411570919890726_ID4510511570820070706_1,2007,2007-205,2.089999914,-2.089999914,High
ID4510511570820070706,187,Second,ID4515511602719940802_ID4510511570820070706_1,2007,2007-205,2.089999914,-2.089999914,High
ID4510511570820070706,187,Second,ID4521611552119940811_ID4510511570820070706_1,2007,2007-205,2.089999914,-2.089999914,Low
ID4510511570820070706,187,Second,ID4521611552119940811_ID4510511570820070706_2,2007,2007-205,2.089999914,-2.04448443,Low
ID4510511570820070706,187,Second,ID4521611552119940811_ID4510511570820070706_3,2007,2007-205,2.05276563,-1.694096107,High
ID4510511570820070706,187,Second,ID4537511565420000714_ID4510511570820070706_1,2007,2007-205,1.795620805,-1.690000057,Mixed
ID4529711473720070730,211,Second,ID4519911475819880824_ID4529711473720070730_1,2007,2007-230,1.374461842,-1.450000048,Low
MT4721611299020070715,196,Second,MT4724011275119880625_MT4721611299020070715_1,2007,2007-215,1.690000057,-1.739341787,High
MT4526911048420070808,220,Second,MT4525511054919910716_MT4526911048420070808_1,2007,2007-235,0.910568105,-0.093856021,High
MT4732811325720070716,197,First,MT4732811325720070716_MT4726811348520170724_1,2007,2007-215,1.797809014,-1.816699427,High
ID4610311477420070724,205,Second,ID4612911474719880811_ID4610311477420070724_1,2007,2007-220,1.337095051,-1.689032866,Mixed
ID4475011554820070717,198,First,ID4475011554820070717_ID4478611547620200826_1,2007,2007-215,2.089999914,-2.07810789,Mixed
ID4475011554820070717,198,Second,ID4448411541019870804_ID4475011554820070717_1,2007,2007-215,2.089999914,-2.089999914,High
ID4475011554820070717,198,Second,ID4484911541919890726_ID4475011554820070717_1,2007,2007-215,2.089999914,-2.089999914,High
ID4475011554820070717,198,Second,ID4475711573919890726_ID4475011554820070717_1,2007,2007-215,2.089999914,-2.089999914,Low
ID4475011554820070717,198,Second,ID4462411561619890726_ID4475011554820070717_1,2007,2007-215,2.089999914,-2.089999914,High
ID4475011554820070717,198,Second,ID4479711558919940808_ID4475011554820070717_1,2007,2007-215,2.089999914,-2.089999914,Mixed
ID4475011554820070717,198,Second,ID4495511537120060806_ID4475011554820070717_1,2007,2007-215,2.089999914,-2.089999914,High
ID4537411488820070616,167,Second,ID4543811494219860812_ID4537411488820070616_1,2007,2007-185,1.123435562,-0.901491592,Low
ID4537411488820070616,167,Second,ID4527011497119880711_ID4537411488820070616_1,2007,2007-185,1.297197677,-1.233045334,Low
ID4537411488820070616,167,Second,ID4538711500819880625_ID4537411488820070616_1,2007,2007-185,1.324388007,-1.032160509,Low
CA4168112341420070710,191,Second,CA4163812338919870830_CA4168112341420070710_1,2007,2007-210,-0.465286289,1.120308481,Low
ID4637411451920070718,199,First,ID4637411451920070718_ID4638111450920170710_1,2007,2007-215,2.089999914,-2.089999914,High
WA4611412144620080712,194,First,WA4611412144620080712_WA4613412137420150811_1,2008,2008-210,0.619176559,-0.477961871,Mixed
CA4134912330820080620,172,First,CA4134912330820080620_CA4143512316220170626_1,2008,2008-190,1.450000048,-1.690000057,Low
CA4134912330820080620,172,Second,CA4141212331619870830_CA4134912330820080620_1,2008,2008-190,1.450000048,-1.632047895,Low
CA4049512341220080620,172,Second,CA4052712339819870830_CA4049512341220080620_1,2008,2008-190,1.193615132,-1.400669949,Low
CA4049512341220080620,172,Second,CA4044812339819870830_CA4049512341220080620_1,2008,2008-190,1.234086536,-1.448855432,Low
CA4154112338120080722,204,First,CA4154112338120080722_CA4145212338020170811_1,2008,2008-220,0.383985971,-0.544107576,Low
CA4154112338120080722,204,Second,CA4163812338919870830_CA4154112338120080722_1,2008,2008-220,0.395040547,-0.517289802,Low
CA4154112338120080722,204,Second,CA4163812338919870830_CA4154112338120080722_2,2008,2008-220,0.344734757,-0.496582223,Low
CA4054612266320080621,173,First,CA4054612266320080621_CA4065012263020180723_1,2008,2008-190,1.525450956,-1.281108626,Low
CA4071412316220080621,173,First,CA4071412316220080621_CA4077112312420170831_1,2008,2008-190,1.265027798,-1.210718337,Low
CA4009612297920080621,173,First,CA4009612297920080621_CA3966012280920200817_1,2008,2008-190,1.51077929,-1.657614884,Low
CA4018512311920080621,173,First,CA4018512311920080621_CA3966012280920200817_1,2008,2008-190,1.450000048,-1.690000057,Low
CA4083712326320080621,173,First,CA4083712326320080621_CA4091312343720150731_1,2008,2008-190,1.450000048,-1.484783341,Low
CA4161412365820080621,173,Second,CA4162312361019940722_CA4161412365820080621_1,2008,2008-190,1.236797424,-1.255167808,Low
CA4107312329420080621,173,Second,CA4104812343519990823_CA4107312329420080621_1,2008,2008-190,1.450000048,-1.690000057,Low
OR4277912225220080816,229,First,OR4277912225220080816_OR4279812231820170725_1,2008,2008-245,-0.258442021,0.32017473,Low
CA4091712133820080622,174,First,CA4091712133820080622_CA4090112136820140731_1,2008,2008-190,1.279999971,-1.450000048,Low
CA4069812251020080622,174,First,CA4069812251020080622_CA4065012263020180723_1,2008,2008-190,1.671997905,-1.431771572,Low
OR4334712249520080817,230,Second,OR4335612252819960813_OR4334712249520080817_1,2008,2008-245,-0.512957168,0.380554691,Mixed
CA4107012343620090702,183,Second,CA4104812343519990823_CA4107012343620090702_1,2009,2009-200,1.122129766,-1.275391196,Low
OR4334712281020090728,209,First,OR4334712281020090728_OR4333412278820200908_1,2009,2009-225,0.330286195,-0.367010067,Mixed
OR4492211866720090801,213,Second,OR4493411861819870815_OR4492211866720090801_1,2009,2009-230,-1.065042774,1.690000057,Low
OR4242312371620100813,225,First,OR4242312371620100813_OR4237012386020180716_1,2010,2010-240,-0.373621706,-0.045406528,Low
OR4504212118420100818,230,Second,OR4487312131019960810_OR4504212118420100818_1,2010,2010-245,-0.193002023,-0.063171572,Low
MT4617911126920120910,254,Second,MT4620711124920000815_MT4617911126920120910_1,2012,2012-270,2.089999914,-2.089999914,Low
ID4444511516620120727,209,First,ID4444511516620120727_ID4451711501920190710_1,2012,2012-225,1.129999995,-1.6207146,Mixed
ID4444511516620120727,209,Second,ID4446211511519980823_ID4444511516620120727_1,2012,2012-225,1.167172838,-1.990872353,High
OR4473312173020120804,217,First,OR4473312173020120804_OR4472312167920200817_1,2012,2012-235,1.279999971,-1.279999971,Mixed
ID4606011473320120728,210,Second,ID4604911480020030821_ID4606011473320120728_1,2012,2012-225,0.46602148,-0.239999995,Low
CA4188812325320120805,218,Second,CA4189812322019870830_CA4188812325320120805_1,2012,2012-235,2.089999914,-2.089999914,Low
OR4211012080120120806,219,Second,CA4192312065019840813_OR4211012080120120806_1,2012,2012-235,2.089999914,-1.879155308,Mixed
ID4542411459020120730,212,Second,ID4537211447019850720_ID4542411459020120730_1,2012,2012-230,1.220827733,-2.031038434,Low
ID4542411459020120730,212,Second,ID4557011468119960723_ID4542411459020120730_1,2012,2012-230,0.980643759,-1.744594195,Low
ID4542411459020120730,212,Second,ID4541611481219980807_ID4542411459020120730_1,2012,2012-230,1.038220283,-1.970440426,Low
ID4542411459020120730,212,Second,ID4536811434319980816_ID4542411459020120730_1,2012,2012-230,1.22512443,-1.803852708,Low
ID4542411459020120730,212,Second,ID4557311483220000731_ID4542411459020120730_1,2012,2012-230,1.022535328,-1.843918907,Mixed
ID4542411459020120730,212,Second,ID4550511424720000817_ID4542411459020120730_1,2012,2012-230,1.141524237,-1.889593082,Mixed
ID4542411459020120730,212,Second,ID4551811500220000731_ID4542411459020120730_1,2012,2012-230,0.941595156,-2.018457783,Low
ID4542411459020120730,212,Second,ID4546811459920000731_ID4542411459020120730_1,2012,2012-230,1.269137802,-1.946868761,Low
ID4542411459020120730,212,Second,ID4546711474120000805_ID4542411459020120730_1,2012,2012-230,1.232347721,-1.719822254,Low
ID4542411459020120730,212,Second,ID4544311453220020804_ID4542411459020120730_1,2012,2012-230,1.249419296,-2.074150643,Mixed
ID4542411459020120730,212,Second,ID4550011471520050801_ID4542411459020120730_1,2012,2012-230,1.211566273,-1.78892996,Mixed
ID4542411459020120730,212,Second,ID4568011472320070706_ID4542411459020120730_1,2012,2012-230,1.086899659,-2.089999914,Mixed
ID4542411459020120730,212,Second,ID4568011472320070706_ID4542411459020120730_2,2012,2012-230,1.114080367,-2.089999914,Mixed
CA3931912270720120707,189,First,CA3931912270720120707_CA3924012311020180727_1,2012,2012-205,-0.140214672,-0.066039836,Low
ID4631911465120120808,221,Second,ID4624611454319880814_ID4631911465120120808_1,2012,2012-240,1.265467333,-1.690000057,Mixed
ID4639911493920120808,221,Second,ID4640811494519940802_ID4639911493920120808_1,2012,2012-240,1.31578548,-1.690000057,High
ID4569811508120120809,222,Second,ID4565911500219880824_ID4569811508120120809_1,2012,2012-240,1.107527926,-2.085980489,Mixed
ID4569811508120120809,222,Second,ID4570211495320050808_ID4569811508120120809_1,2012,2012-240,1.009494835,-2.020627883,High
CA3986612313320120818,231,First,CA3986612313320120818_CA3966012280920200817_1,2012,2012-250,1.878703438,-1.878703438,Low
CA3986612313320120818,231,First,CA3986612313320120818_CA3966012280920200817_2,2012,2012-250,1.664467172,-1.664467172,Low
CA4130012313520130731,212,Second,CA4141212331619870830_CA4130012313520130731_1,2013,2013-230,0.554238172,-0.470012257,Low
ID4520011474120130708,189,Second,ID4519911475819880824_ID4520011474120130708_1,2013,2013-205,1.129999995,-1.108308043,Low
MT4565711478020130716,197,Second,ID4570711463219960704_MT4565711478020130716_1,2013,2013-215,1.101541278,-0.577048792,Low
MT4565711478020130716,197,Second,ID4567911483420000730_MT4565711478020130716_1,2013,2013-215,1.129670807,-0.617014447,Low
CA4103512348820130810,222,Second,CA4104812343519990823_CA4103512348820130810_1,2013,2013-240,-0.158110197,0.486270317,Low
MT4780411300920130718,199,Second,MT4781311293519880711_MT4780411300920130718_1,2013,2013-215,0.677163816,-0.417092707,High
OR4261412376020130726,207,Second,OR4259412369419870830_OR4261412376020130726_1,2013,2013-225,0.639181832,-0.167721138,Low
MT4767511333320130811,223,Second,MT4767311333220000726_MT4767511333320130811_1,2013,2013-240,-0.029999999,-0.298455659,Low
OR4519612218020140914,257,First,OR4519612218020140914_OR4504912206220200908_1,2014,2014-275,0.567143219,-0.618931118,High
ID4558311517420140803,215,Second,ID4557911514619880813_ID4558311517420140803_1,2014,2014-230,-0.661137929,0.696725284,Low
OR4245612363620140913,256,First,OR4245612363620140913_OR4252812357120180715_1,2014,2014-275,0.515715906,0.48710943,Low
CA4179612337420140814,226,Second,CA4165612314419870830_CA4179612337420140814_1,2014,2014-245,-0.005175603,0.336457611,Low
CA4179612337420140814,226,Second,CA4175812328419870830_CA4179612337420140814_1,2014,2014-245,0.028774121,0.104447082,Low
CA4179612337420140814,226,Second,CA4163812338919870830_CA4179612337420140814_1,2014,2014-245,0.029999999,0.084606696,Low
CA4179612337420140814,226,Second,CA4174812318019870901_CA4179612337420140814_1,2014,2014-245,-0.023096685,0.282027677,Low
WA4821112010220140714,195,Second,WA4822012015920010709_WA4821112010220140714_1,2014,2014-210,0.650621024,-0.372719526,Low
CA4090112136820140731,212,Second,CA4091712133820080622_CA4090112136820140731_1,2014,2014-230,-1.00999999,1.277190269,Low
OR4210312387320150611,162,Second,OR4244112390420020713_OR4210312387320150611_1,2015,2015-180,1.690000057,-1.047310941,Low
ID4520811624820150812,224,Second,ID4540311601419850717_ID4520811624820150812_1,2015,2015-240,2.089999914,-1.450000048,Low
ID4520811624820150812,224,Second,ID4540311601419850717_ID4520811624820150812_2,2015,2015-240,2.089999914,-1.596076054,Low
ID4520811624820150812,224,Second,ID4538311615519890726_ID4520811624820150812_1,2015,2015-240,2.089999914,-1.450000048,Low
ID4520811624820150812,224,Second,ID4515511602719940802_ID4520811624820150812_1,2015,2015-240,2.089999914,-1.450000048,Mixed
OR4428411896120150812,224,Second,OR4431911871819960726_OR4428411896120150812_1,2015,2015-240,1.080480417,-1.362346769,Mixed
MT4784711358920150812,224,Second,MT4783711353820000813_MT4784711358920150812_1,2015,2015-240,2.089999914,-2.089999914,Mixed
ID4520811624820150812,224,Second,ID4545011614520010805_ID4520811624820150812_1,2015,2015-240,2.089999914,-1.45036695,Low
MT4784711358920150812,224,Second,MT4780811332820030806_MT4784711358920150812_1,2015,2015-240,2.089999914,-2.089999914,High
ID4610011544620150814,226,Second,ID4610111549719910924_ID4610011544620150814_1,2015,2015-245,2.089999914,-0.744921054,Mixed
CA4034312338320150731,211,First,CA4034312338320150731_CA3966012280920200817_1,2015,2015-230,0.075368202,-0.1308284,Low
OR4292412304820150730,211,Second,OR4291712307519870715_OR4292412304820150730_1,2015,2015-230,1.00999999,-1.00999999,Low
CA4049212319820150803,211,Second,CA4048312320019870830_CA4049212319820150803_1,2015,2015-230,0.170000002,-0.317881511,Low
ID4606811540520150815,227,Second,ID4599911526820030715_ID4606811540520150815_1,2015,2015-245,2.089999914,-0.90642037,Mixed
OR4431411958420150629,180,Second,OR4433311962820020713_OR4431411958420150629_1,2015,2015-195,1.140795022,-0.365059612,Low
WA4822612066620150629,180,Second,WA4811112069920060706_WA4822612066620150629_1,2015,2015-195,2.089999914,-1.71429071,Mixed
WA4822612066620150629,180,Second,WA4814412059320070805_WA4822612066620150629_1,2015,2015-195,1.776370658,-1.690000057,Low
CA4068012335620150731,212,Second,CA4065812346619870830_CA4068012335620150731_1,2015,2015-230,-0.244774066,0.124136828,Low
CA4064212358620150731,212,Second,CA4057812346719870830_CA4064212358620150731_1,2015,2015-230,-0.116790463,0.01883442,Low
CA4068012335620150731,212,Second,CA4065412339719870830_CA4068012335620150731_1,2015,2015-230,-0.028472144,-0.191477242,Low
CA4091312343720150731,212,Second,CA4083712326320080621_CA4091312343720150731_1,2015,2015-230,0.385761412,-0.550663067,Low
CA4091312343720150731,212,Second,CA4104812343519990823_CA4091312343720150731_1,2015,2015-230,0.307195042,-0.62998134,Low
ID4560811517420150724,205,Second,ID4557911514619880813_ID4560811517420150724_1,2015,2015-220,-0.432392159,0.795524035,Low
ID4549311517620150809,221,Second,ID4540111516420000731_ID4549311517620150809_1,2015,2015-240,2.089999914,-1.690000057,High
OR4236212410720150802,214,Second,OR4244112390420020713_OR4236212410720150802_1,2015,2015-230,0.405267031,-0.412296472,Low
OR4458511775220150810,222,Second,OR4454311774919860802_OR4458511775220150810_1,2015,2015-240,1.169424403,-1.450000048,Low
OR4458511775220150810,222,Second,OR4459011778619890726_OR4458511775220150810_1,2015,2015-240,1.157937757,-1.450000048,Low
WA4613412137420150811,222,Second,WA4611412144620080712_WA4613412137420150811_1,2015,2015-240,1.279999971,-1.11796155,Mixed
WA4875611846220150811,223,Second,WA4879411848120010813_WA4875611846220150811_1,2015,2015-240,1.604650989,-1.690000057,Mixed
CA4162312355820160607,159,Second,CA4162512353920010915_CA4162312355820160607_1,2016,2016-175,0.358345293,-0.617519198,Low
ID4395011576220160718,200,Second,ID4409211552419890726_ID4395011576220160718_1,2016,2016-215,-0.099359004,0.232575853,Low
ID4395011576220160718,200,Second,ID4409211552419890726_ID4395011576220160718_2,2016,2016-215,-0.137181606,0.137181606,Low
WY4496811035620160813,226,Second,WY4509511033019880815_WY4496811035620160813_1,2016,2016-245,0.661438,-1.318761265,High
OR4440811838320160731,213,Second,OR4434811827719890728_OR4440811838320160731_1,2016,2016-230,0.169808889,-0.714489263,Low
OR4440811838320160731,213,Second,OR4428811829120020712_OR4440811838320160731_1,2016,2016-230,0.167368501,-0.713306821,Low
WY4474311097820160809,222,Second,WY4470811082119880722_WY4474311097820160809_1,2016,2016-240,0.632115414,-1.411735186,High
WY4402111078620160725,207,Second,WY4408111047019880820_WY4402111078620160725_1,2016,2016-225,1.16840097,-2.089999914,High
CA4178612347520170812,224,Second,CA4175612352619870830_CA4178612347520170812_1,2017,2017-240,0.629999995,-0.645251691,Low
CA4178612347520170812,224,Second,CA4162312361019940722_CA4178612347520170812_1,2017,2017-240,0.606379178,-1.113124183,Low
OR4330612262220170812,224,Second,OR4335612252819960813_OR4330612262220170812_1,2017,2017-240,1.051552629,-1.190453165,Mixed
CA4143512316220170626,177,Second,CA4136312315119940919_CA4143512316220170626_1,2017,2017-195,1.690000057,-2.089999914,Low
CA4143512316220170626,177,Second,CA4141412317720060723_CA4143512316220170626_1,2017,2017-195,1.690000057,-2.089999914,Low
CA4143512316220170626,177,Second,CA4134912330820080620_CA4143512316220170626_1,2017,2017-195,1.755622815,-2.089999914,Low
OR4229712395420170712,193,Second,OR4244112390420020713_OR4229712395420170712_1,2017,2017-210,NA,-0.243674288,Low
ID4624611454720170813,225,Second,ID4624611454319880814_ID4624611454720170813_1,2017,2017-240,0.3080138,-1.154774231,Mixed
ID4549011522720170729,210,Second,ID4529711522619860811_ID4549011522720170729_1,2017,2017-225,0.629999995,-0.608882613,High
ID4549011522720170729,210,Second,ID4527011497119880711_ID4549011522720170729_1,2017,2017-225,0.553602624,-0.557631446,High
ID4549011522720170729,210,Second,ID4540111516420000731_ID4549011522720170729_1,2017,2017-225,0.696861284,-0.894756831,High
MT4599511358020170714,195,Second,MT4589911360920000731_MT4599511358020170714_1,2017,2017-210,NA,-0.733185369,High
WA4811712037720170831,243,Second,WA4816212046320010812_WA4811712037720170831_1,2017,2017-260,1.016981618,-1.444232165,Low
CA4077112312420170831,243,Second,CA4071412316220080621_CA4077112312420170831_1,2017,2017-260,0.910979573,-0.499048819,Low
OR4470812185620170724,204,First,OR4470812185620170724_OR4472312167920200817_1,2017,2017-220,1.690000057,-2.089999914,Mixed
WA4885512041420170723,204,Second,WA4889812049420020817_WA4885512041420170723_1,2017,2017-220,0.479416428,-1.756377733,Mixed
WA4885512041420170723,204,Second,WA4896412045520020817_WA4885512041420170723_1,2017,2017-220,0.501494765,-1.545638256,Mixed
WA4885512041420170723,204,Second,WA4897812059620060822_WA4885512041420170723_1,2017,2017-220,0.553436727,-1.97151544,Low
MT4795711307120170816,228,Second,MT4797011293420070628_MT4795711307120170816_1,2017,2017-245,1.212687864,-2.089999914,High
MT4795711307120170816,228,Second,MT4797011293420070628_MT4795711307120170816_2,2017,2017-245,1.366726456,-2.089999914,High
OR4447912049720170909,252,Second,OR4447912051520000823_OR4447912049720170909_1,2017,2017-270,0.029999999,0.087118086,Low
MT4726811348520170724,205,Second,MT4724011275119880625_MT4726811348520170724_1,2017,2017-220,0.778554745,-1.388235084,Low
MT4726811348520170724,205,Second,MT4729411319620000713_MT4726811348520170724_1,2017,2017-220,1.12377085,-1.685064483,Mixed
MT4726811348520170724,205,Second,MT4715911312120000728_MT4726811348520170724_1,2017,2017-220,1.038061825,-1.450000048,High
MT4726811348520170724,205,Second,MT4732811325720070716_MT4726811348520170724_1,2017,2017-220,1.00346509,-1.673671969,High
MT4726811348520170724,205,Second,MT4724611327520010913_MT4726811348520170724_1,2017,2017-220,1.129999995,-1.826900346,Mixed
ID4554811595020170801,213,Second,ID4550511588320060816_ID4554811595020170801_1,2017,2017-230,0.629999995,-0.630625131,Low
OR4279812231820170725,206,Second,OR4277912225220080816_OR4279812231820170725_1,2017,2017-225,0.357324455,0.024375041,Low
CA4145212338020170811,222,Second,CA4154112338120080722_CA4145212338020170811_1,2017,2017-240,0.864291173,-0.887592557,Low
ID4638111450920170710,191,Second,ID4637411451920070718_ID4638111450920170710_1,2017,2017-210,NA,-1.450000048,High
CA4198012316420170811,223,Second,CA4189812322019870830_CA4198012316420170811_1,2017,2017-240,0.783557607,-0.553973554,Low
OR4400312257520170811,223,Second,OR4399212254720030713_OR4400312257520170811_1,2017,2017-240,1.255067189,-1.747440696,High
OR4425712174320170811,223,Second,OR4427112168020060723_OR4425712174320170811_1,2017,2017-240,1.013872067,-1.018505681,Mixed
CA3924012311020180727,208,Second,CA3931912270720120707_CA3924012311020180727_1,2018,2018-225,2.089999914,-2.089999914,Low
CA3924012311020180727,208,Second,CA3935312277119870901_CA3924012311020180727_1,2018,2018-225,2.089999914,-2.089999914,Low
CA3924012311020180727,208,Second,CA3920212274419960811_CA3924012311020180727_1,2018,2018-225,2.089999914,-2.089999914,Low
CA3924012311020180727,208,Second,CA3939912270520010808_CA3924012311020180727_1,2018,2018-225,1.964404847,-2.064256943,Low
CA3924012311020180727,208,Second,CA3950412282120030903_CA3924012311020180727_1,2018,2018-225,2.089999914,-2.089999914,Low
WA4785112054920180728,209,Second,WA4781512037419940724_WA4785112054920180728_1,2018,2018-225,0.902293718,-1.492202307,Low
OR4252812357120180715,196,Second,OR4253012367719870831_OR4252812357120180715_1,2018,2018-215,0.342412931,-0.685393183,Low
OR4252812357120180715,196,Second,OR4245612363620140913_OR4252812357120180715_1,2018,2018-215,0.392057212,-0.718109894,Low
CA4065012263020180723,204,Second,CA4084112245519990823_CA4065012263020180723_1,2018,2018-220,1.511516124,-1.930695195,Low
CA4065012263020180723,204,Second,CA4078612244619990823_CA4065012263020180723_1,2018,2018-220,1.222635122,-1.54913425,Low
CA4065012263020180723,204,Second,CA4083812250819990908_CA4065012263020180723_1,2018,2018-220,1.789651325,-2.079244398,Low
CA4065012263020180723,204,Second,CA4074012270320040814_CA4065012263020180723_1,2018,2018-220,1.127750122,-1.602342941,Low
CA4065012263020180723,204,Second,CA4054612266320080621_CA4065012263020180723_1,2018,2018-220,0.772784017,-1.192777552,Low
CA4065012263020180723,204,Second,CA4069812251020080622_CA4065012263020180723_1,2018,2018-220,0.928908731,-1.314005984,Low
OR4282612280720180716,197,Second,OR4277812272720020713_OR4282612280720180716_1,2018,2018-215,1.507113774,-2.089999914,Low
OR4237012386020180716,197,Second,OR4244112390420020713_OR4237012386020180716_1,2018,2018-215,0.531658604,-0.864651333,Low
OR4237012386020180716,197,Second,OR4244112390420020713_OR4237012386020180716_2,2018,2018-215,0.491940647,-0.902501771,Low
OR4237012386020180716,197,Second,OR4244112390420020713_OR4237012386020180716_3,2018,2018-215,0.342932603,-0.691017733,Low
OR4237012386020180716,197,Second,OR4242312371620100813_OR4237012386020180716_1,2018,2018-215,0.501348463,-0.740875505,Low
MT4864311391620180811,223,Second,MT4856111405520030723_MT4864311391620180811_1,2018,2018-240,0.619370417,-0.762369061,High
OR4292012329520190725,206,Second,OR4288312327419870830_OR4292012329520190725_1,2019,2019-225,0.135113108,0.639343247,Low
ID4451711501920190710,191,Second,ID4444511516620120727_ID4451711501920190710_1,2019,2019-210,-0.319999993,-0.257696562,Mixed
CA4119412345820200727,209,Second,CA4119312328919870830_CA4119412345820200727_1,2020,2020-225,-0.044284142,-0.174776593,Low
CA4119412345820200727,209,Second,CA4095112320220060902_CA4119412345820200727_1,2020,2020-225,-0.436324711,0.513606362,Low
CA4119412345820200727,209,Second,CA4104812343519990823_CA4119412345820200727_1,2020,2020-225,-0.502426978,0.384190491,Low
CA4185812335420200908,252,Second,CA4193012339419870830_CA4185812335420200908_1,2020,2020-270,0.329804824,-0.396487256,Low
CA4185812335420200908,252,Second,CA4183412334819870830_CA4185812335420200908_1,2020,2020-270,0.068864357,-0.266045354,Low
CA4185812335420200908,252,Second,CA4199712363419870830_CA4185812335420200908_1,2020,2020-270,0.367921202,0.012923751,Low
CA4185812335420200908,252,Second,CA4199712363419870830_CA4185812335420200908_2,2020,2020-270,0.555517687,-0.120531683,Low
OR4257212055720200908,252,Second,OR4259112058820070315_OR4257212055720200908_1,2020,2020-270,1.568480095,-1.887466724,Mixed
OR4333412278820200908,252,Second,OR4334712281020090728_OR4333412278820200908_1,2020,2020-270,1.244506256,-0.062892086,Mixed
OR4504912206220200908,252,Second,OR4519612218020140914_OR4504912206220200908_1,2020,2020-270,0.153534178,0.107307786,High
OR4472312167920200817,230,Second,OR4473312173020120804_OR4472312167920200817_1,2020,2020-245,0.357191005,-0.872369272,Mixed
CA3966012280920200817,230,Second,CA3986612313320120818_CA3966012280920200817_1,2020,2020-245,0.855535994,-1.01881567,Low
CA3966012280920200817,230,Second,CA3986612313320120818_CA3966012280920200817_2,2020,2020-245,0.882365498,-1.025028706,Low
CA3966012280920200817,230,Second,CA3954212303919870831_CA3966012280920200817_1,2020,2020-245,1.12874363,-1.097734591,Low
CA3966012280920200817,230,Second,CA4009212322519870831_CA3966012280920200817_1,2020,2020-245,1.029136941,-1.121116697,Low
CA3966012280920200817,230,Second,CA4040412333919870830_CA3966012280920200817_1,2020,2020-245,0.815566647,-0.916914752,Low
CA3966012280920200817,230,Second,CA4018412304519880928_CA3966012280920200817_1,2020,2020-245,1.649530778,-2.022551142,Low
CA3966012280920200817,230,Second,CA3979312286719900809_CA3966012280920200817_1,2020,2020-245,1.27004439,-1.358543174,Low
CA3966012280920200817,230,Second,CA3963412282820030928_CA3966012280920200817_1,2020,2020-245,1.402519184,-1.185322675,Low
OR4472312167920200817,230,Second,OR4451112177120030819_OR4472312167920200817_1,2020,2020-245,0.577715374,-0.968260341,Mixed
CA3966012280920200817,230,Second,CA3966212292720060724_CA3966012280920200817_1,2020,2020-245,1.35567541,-1.266867833,Low
OR4472312167920200817,230,Second,OR4468212159620070712_OR4472312167920200817_1,2020,2020-245,0.369133463,-0.870847016,Mixed
CA3966012280920200817,230,Second,CA4009612297920080621_CA3966012280920200817_1,2020,2020-245,1.334404517,-1.537688286,Low
CA3966012280920200817,230,Second,CA4018512311920080621_CA3966012280920200817_1,2020,2020-245,1.462257601,-1.821251052,Low
CA3966012280920200817,230,Second,CA4034312338320150731_CA3966012280920200817_1,2020,2020-245,0.789834771,-0.940666382,Low
OR4472312167920200817,230,Second,OR4470812185620170724_OR4472312167920200817_1,2020,2020-245,0.399381412,-0.57169234,Mixed
ID4524811543720200826,239,Second,ID4521611552119940811_ID4524811543720200826_1,2020,2020-255,1.449824325,-1.450000048,Mixed
ID4478611547620200826,239,Second,ID4475011554820070717_ID4478611547620200826_1,2020,2020-255,1.273728889,-1.279999971,Mixed
